time,price
1871-01-01,93.28875206730737
1871-02-01,93.30644631038876
1871-03-01,93.32723277649127
1871-04-01,93.35119301909845
1871-05-01,93.37841188517316
1871-06-01,93.40897895877727
1871-07-01,93.44300038343307
1871-08-01,93.48057158278543
1871-09-01,93.52176184206448
1871-10-01,93.56664308848877
1871-11-01,93.61528471264504
1871-12-01,93.66775673501033
1872-01-01,93.72415224576302
1872-02-01,93.78456293170079
1872-03-01,93.84907512105308
1872-04-01,93.91778690283947
1872-05-01,93.99079861185764
1872-06-01,94.06822033295238
1872-07-01,94.15018200230374
1872-08-01,94.2368016853121
1872-09-01,94.32817189806838
1872-10-01,94.42437986116855
1872-11-01,94.52549569546508
1872-12-01,94.63159199079877
1873-01-01,94.74277143424226
1873-02-01,94.8591252389873
1873-03-01,94.98073154725172
1873-04-01,95.10768256285407
1873-05-01,95.24007180476627
1873-06-01,95.37800564335016
1873-07-01,95.52162062282834
1873-08-01,95.67104472796665
1873-09-01,95.82638331291254
1873-10-01,95.98775249816383
1873-11-01,96.15527021314129
1873-12-01,96.32905711302575
1874-01-01,96.50925819240712
1874-02-01,96.69601630362057
1874-03-01,96.88946548920318
1874-04-01,97.08975638697909
1874-05-01,97.29705187591092
1874-06-01,97.5115233452624
1874-07-01,97.73336129618176
1874-08-01,97.96274662365016
1874-09-01,98.19983104734482
1874-10-01,98.44476264059871
1874-11-01,98.69767685169145
1874-12-01,98.95870421710846
1875-01-01,99.22799483707756
1875-02-01,99.50568206153184
1875-03-01,99.79187625213676
1875-04-01,100.08670486744751
1875-05-01,100.39031245041087
1875-06-01,100.70285576795344
1875-07-01,101.02452413990889
1875-08-01,101.3554958275425
1875-09-01,101.69590747151653
1875-10-01,102.04590850567476
1875-11-01,102.4056551480836
1875-12-01,102.7752807099917
1876-01-01,103.15491268027714
1876-02-01,103.5446500266114
1876-03-01,103.94454010088653
1876-04-01,104.35463253058255
1876-05-01,104.77499627658675
1876-06-01,105.20567224639026
1876-07-01,105.64668480000104
1876-08-01,106.09804760850596
1876-09-01,106.5597388692929
1876-10-01,107.03173198901898
1876-11-01,107.51400779915659
1876-12-01,108.00650888599894
1877-01-01,108.50913333831721
1877-02-01,109.02175700483943
1877-03-01,109.54421809639571
1877-04-01,110.07636079943941
1877-05-01,110.61807924834363
1877-06-01,111.16926568712037
1877-07-01,111.72982184394073
1877-08-01,112.29965520334999
1877-09-01,112.87863466798966
1877-10-01,113.4666541094343
1877-11-01,114.06364819128903
1877-12-01,114.66950177177385
1878-01-01,115.28403665941102
1878-02-01,115.90703549644016
1878-03-01,116.5381984159326
1878-04-01,117.17723240520522
1878-05-01,117.82392594601265
1878-06-01,118.47802146066023
1878-07-01,119.13922342511356
1878-08-01,119.80725813421644
1878-09-01,120.48182363124712
1878-10-01,121.16264524906322
1878-11-01,121.84952273213158
1878-12-01,122.54221340340224
1879-01-01,123.24040344997555
1879-02-01,123.94379199465077
1879-03-01,124.6520599893558
1879-04-01,125.36488862432135
1879-05-01,126.08202159944011
1879-06-01,126.80318437732163
1879-07-01,127.52807146537522
1879-08-01,128.2564098235836
1879-09-01,128.98793824708432
1879-10-01,129.72241052935306
1879-11-01,130.45962512869013
1879-12-01,131.19932868214036
1880-01-01,131.9411593819898
1880-02-01,132.68471959855992
1880-03-01,133.4295418113271
1880-04-01,134.17512693355755
1880-05-01,134.92102488563907
1880-06-01,135.66670825085842
1880-07-01,136.41155555016994
1880-08-01,137.1549815795448
1880-09-01,137.896433316821
1880-10-01,138.63538034021357
1880-11-01,139.37138312052755
1880-12-01,140.10394132967377
1881-01-01,140.83239222374013
1881-02-01,141.55609360274175
1881-03-01,142.2744012874524
1881-04-01,142.9866839497673
1881-05-01,143.69246576837426
1881-06-01,144.39128122644544
1881-07-01,145.08265165661933
1881-08-01,145.76619407102925
1881-09-01,146.44156574490876
1881-10-01,147.10851501108522
1881-11-01,147.7669477764307
1881-12-01,148.4167198890767
1882-01-01,149.05754602998022
1882-02-01,149.6891373683066
1882-03-01,150.3111253076645
1882-04-01,150.92319986676057
1882-05-01,151.5253016533726
1882-06-01,152.1173401121876
1882-07-01,152.6991863593808
1882-08-01,153.270774518475
1882-09-01,153.83195181193724
1882-10-01,154.38261353643202
1882-11-01,154.92278351632768
1882-12-01,155.45240761827588
1883-01-01,155.97134751250053
1883-02-01,156.4794511760294
1883-03-01,156.97647352946325
1883-04-01,157.4622646889497
1883-05-01,157.93693016818605
1883-06-01,158.40062466421716
1883-07-01,158.85360213278634
1883-08-01,159.29616670944873
1883-09-01,159.72847949883274
1883-10-01,160.15081781628695
1883-11-01,160.56361834892786
1883-12-01,160.96719344394526
1884-01-01,161.36174087771118
1884-02-01,161.74735540377696
1884-03-01,162.12387797886555
1884-04-01,162.49118906260824
1884-05-01,162.8493954907499
1884-06-01,163.19846295175478
1884-07-01,163.53825217507733
1884-08-01,163.8686649217108
1884-09-01,164.18949570202568
1884-10-01,164.50059261642002
1884-11-01,164.80197976605615
1884-12-01,165.09351107797866
1885-01-01,165.37477828799342
1885-02-01,165.64534738301873
1885-03-01,165.9046604456404
1885-04-01,166.15224556753705
1885-05-01,166.38801434924514
1885-06-01,166.6119186217447
1885-07-01,166.82398249006482
1885-08-01,167.02437242719648
1885-09-01,167.21316316816018
1885-10-01,167.39064397119552
1885-11-01,167.5574359114448
1885-12-01,167.71397291103767
1886-01-01,167.8603933128079
1886-02-01,167.99673015243337
1886-03-01,168.12267993871095
1886-04-01,168.23806158083738
1886-05-01,168.34324726931192
1886-06-01,168.43845687472918
1886-07-01,168.52378807630595
1886-08-01,168.59946168920197
1886-09-01,168.66547091758838
1886-10-01,168.7219346784551
1886-11-01,168.7693112354614
1886-12-01,168.80783108754642
1887-01-01,168.8374417106474
1887-02-01,168.85807454888106
1887-03-01,168.8694514451323
1887-04-01,168.87140725951892
1887-05-01,168.8642475066469
1887-06-01,168.84827062288062
1887-07-01,168.82381421214777
1887-08-01,168.79131652444156
1887-09-01,168.75099070186278
1887-10-01,168.70320142289722
1887-11-01,168.64858680679248
1887-12-01,168.5875987468812
1888-01-01,168.5205105467604
1888-02-01,168.44749431841657
1888-03-01,168.36840472375303
1888-04-01,168.2831717085744
1888-05-01,168.19207906998773
1888-06-01,168.09526005584837
1888-07-01,167.99274693271278
1888-08-01,167.8846434309233
1888-09-01,167.77089449107712
1888-10-01,167.65153360940548
1888-11-01,167.52683774867913
1888-12-01,167.3969110340661
1889-01-01,167.2616236637026
1889-02-01,167.12084703555715
1889-03-01,166.97432514176916
1889-04-01,166.821899225029
1889-05-01,166.6637950968451
1889-06-01,166.50026845578978
1889-07-01,166.33163571915227
1889-08-01,166.15836062360935
1889-09-01,165.9808326141371
1889-10-01,165.79963989243936
1889-11-01,165.61568308643288
1889-12-01,165.4297386801811
1890-01-01,165.24238712515938
1890-02-01,165.0541703382463
1890-03-01,164.86540204605086
1890-04-01,164.6765364753373
1890-05-01,164.48850917707455
1890-06-01,164.30218484773968
1890-07-01,164.1183864864978
1890-08-01,163.9380214259465
1890-09-01,163.76175843834076
1890-10-01,163.59034748880936
1890-11-01,163.42475650543182
1890-12-01,163.26578068874497
1891-01-01,163.11407384665037
1891-02-01,162.97022987113385
1891-03-01,162.8346203216756
1891-04-01,162.7077759086272
1891-05-01,162.59066298954158
1891-06-01,162.48430608070453
1891-07-01,162.38989531811544
1891-08-01,162.30866711086748
1891-09-01,162.24153927836898
1891-10-01,162.18960462977887
1891-11-01,162.15420050968416
1891-12-01,162.13643577691062
1892-01-01,162.13725479015747
1892-02-01,162.15741253826076
1892-03-01,162.1972157256686
1892-04-01,162.25703687949974
1892-05-01,162.3376013409104
1892-06-01,162.43940131120928
1892-07-01,162.56277561298077
1892-08-01,162.7080769966738
1892-09-01,162.87539698186242
1892-10-01,163.06487307492537
1892-11-01,163.27686103441403
1892-12-01,163.51141790249653
1893-01-01,163.768217229712
1893-02-01,164.04683514079454
1893-03-01,164.34658676043497
1893-04-01,164.66688270123925
1893-05-01,165.00764588062734
1893-06-01,165.36880945399986
1893-07-01,165.75038651899771
1893-08-01,166.1525228319205
1893-09-01,166.57513056316074
1893-10-01,167.0183753086515
1893-11-01,167.4828333344701
1893-12-01,167.96874783277264
1894-01-01,168.47590769755894
1894-02-01,169.0038784625777
1894-03-01,169.55166093752672
1894-04-01,170.11837193483876
1894-05-01,170.70384222896155
1894-06-01,171.30761462182974
1894-07-01,171.92899908182252
1894-08-01,172.56750320211583
1894-09-01,173.22240446735609
1894-10-01,173.893205187472
1894-11-01,174.57997924604018
1894-12-01,175.28249986832625
1895-01-01,176.00006678351548
1895-02-01,176.73206641508617
1895-03-01,177.47771960237964
1895-04-01,178.23632742865126
1895-05-01,179.00775955415978
1895-06-01,179.79181440787133
1895-07-01,180.5881751393891
1895-08-01,181.3967668494486
1895-09-01,182.2174992270846
1895-10-01,183.05045702015775
1895-11-01,183.89611014666198
1895-12-01,184.75461441505064
1896-01-01,185.6255313804517
1896-02-01,186.50823291951704
1896-03-01,187.40163109770512
1896-04-01,188.30454943283223
1896-05-01,189.21625604892412
1896-06-01,190.13560033414325
1896-07-01,191.0609521681026
1896-08-01,191.99093232895237
1896-09-01,192.9242852360509
1896-10-01,193.8599461769972
1896-11-01,194.79745375188392
1896-12-01,195.73600419923778
1897-01-01,196.67391934079103
1897-02-01,197.60966475679123
1897-03-01,198.54167899422737
1897-04-01,199.4684037250691
1897-05-01,200.3890146267521
1897-06-01,201.30262355083107
1897-07-01,202.20810557784282
1897-08-01,203.10477675560378
1897-09-01,203.99216409880566
1897-10-01,204.8701081419981
1897-11-01,205.73911027275116
1897-12-01,206.59939847536214
1898-01-01,207.4504522089324
1898-02-01,208.2917145123887
1898-03-01,209.1222803722279
1898-04-01,209.94136944948082
1898-05-01,210.7491566100972
1898-06-01,211.54558793259253
1898-07-01,212.33029996643222
1898-08-01,213.10324503360619
1898-09-01,213.864193190423
1898-10-01,214.61314049087426
1898-11-01,215.35071809489713
1898-12-01,216.077240352113
1899-01-01,216.79249682655794
1899-02-01,217.4963356354825
1899-03-01,218.18837036227816
1899-04-01,218.8684344362521
1899-05-01,219.5372344418221
1899-06-01,220.1955310934483
1899-07-01,220.84417607432923
1899-08-01,221.48428342731714
1899-09-01,222.11669427240855
1899-10-01,222.74257406086966
1899-11-01,223.3636397815906
1899-12-01,223.98118951156485
01.01.1900,224.5959508434554
01.02.1900,225.20835670958644
01.03.1900,225.81809557552515
01.04.1900,226.4248827040577
01.05.1900,227.02913309340758
01.06.1900,227.6307542147581
01.07.1900,228.22917777935643
01.08.1900,228.82402910775932
01.09.1900,229.4147409381282
01.10.1900,230.00092101793837
01.11.1900,230.5828087226086
01.12.1900,231.1600932082432
01.01.1901,231.73146933042116
01.02.1901,232.2956085879784
01.03.1901,232.85086556209768
01.04.1901,233.39576633832826
01.05.1901,233.92999751826176
01.06.1901,234.4532861799994
01.07.1901,234.9653997365801
01.08.1901,235.4665799444352
01.09.1901,235.95690213744342
01.10.1901,236.43702870766413
01.11.1901,236.9086201260434
01.12.1901,237.37274532061176
01.01.1902,237.82943506277016
01.02.1902,238.2784087408031
01.03.1902,238.71840592905605
01.04.1902,239.1484482563973
01.05.1902,239.5691778655045
01.06.1902,239.98072860454232
01.07.1902,240.38276182240318
01.08.1902,240.77535446696976
01.09.1902,241.15802531585967
01.10.1902,241.5306846159217
01.11.1902,241.89432732992697
01.12.1902,242.2492768821552
01.01.1903,242.59490323374413
01.02.1903,242.93060327159088
01.03.1903,243.25524305573572
01.04.1903,243.56795744469662
01.05.1903,243.86924121368122
01.06.1903,244.15951912963115
01.07.1903,244.43919586673587
01.08.1903,244.709039513486
01.09.1903,244.96932793583514
01.10.1903,245.22075359880995
01.11.1903,245.46482306631484
01.12.1903,245.7024762053316
01.01.1904,245.93394810636022
01.02.1904,246.159174686396
01.03.1904,246.37718308572514
01.04.1904,246.5871249841878
01.05.1904,246.78916541590525
01.06.1904,246.98294382009337
01.07.1904,247.1676475600313
01.08.1904,247.34274344741516
01.09.1904,247.5073951990526
01.10.1904,247.66104845038765
01.11.1904,247.80396961298675
01.12.1904,247.9358838469452
01.01.1905,248.0556017650796
01.02.1905,248.1620018876043
01.03.1905,248.25366319726143
01.04.1905,248.32932859235467
01.05.1905,248.38883351244883
01.06.1905,248.4319860944007
01.07.1905,248.458532998567
01.08.1905,248.46868925997833
01.09.1905,248.46259169588
01.10.1905,248.4408548510494
01.11.1905,248.4049658733107
01.12.1905,248.35600902183938
01.01.1906,248.29430392285934
01.02.1906,248.2200509184124
01.03.1906,248.13282737909054
01.04.1906,248.03247508047878
01.05.1906,247.92011837652657
01.06.1906,247.7965900522133
01.07.1906,247.6624399802478
01.08.1906,247.51850704999006
01.09.1906,247.36512448900925
01.10.1906,247.20286229614882
01.11.1906,247.03298817694696
01.12.1906,246.85627882234246
01.01.1907,246.67293341275177
01.02.1907,246.4830725185225
01.03.1907,246.2863122495059
01.04.1907,246.08257677446142
01.05.1907,245.8728975906349
01.06.1907,245.6583559425806
01.07.1907,245.44024556467284
01.08.1907,245.2200445696321
01.09.1907,244.99858202451074
01.10.1907,244.77706903800745
01.11.1907,244.55734320682174
01.12.1907,244.34074377410533
01.01.1908,244.1281925934223
01.02.1908,243.92027094126837
01.03.1908,243.71665170492514
01.04.1908,243.51717512204314
01.05.1908,243.322526564611
01.06.1908,243.13293821238636
01.07.1908,242.94834214160014
01.08.1908,242.7687560332484
01.09.1908,242.59366607130818
01.10.1908,242.422699336695
01.11.1908,242.2560040252151
01.12.1908,242.09315806829116
01.01.1909,241.93302074429022
01.02.1909,241.77431080606527
01.03.1909,241.61525625160195
01.04.1909,241.45429410344673
01.05.1909,241.2908813172975
01.06.1909,241.12449653168005
01.07.1909,240.95476775080888
01.08.1909,240.78160557104752
01.09.1909,240.60450324283542
01.10.1909,240.42344350706048
01.11.1909,240.23920500044196
01.12.1909,240.05199428356522
01.01.1910,239.86124107905727
01.02.1910,239.6660216943806
01.03.1910,239.46443657882045
01.04.1910,239.25483807968885
01.05.1910,239.03690444285198
01.06.1910,238.80984367846918
01.07.1910,238.57249664416094
01.08.1910,238.3240286379894
01.09.1910,238.0631042221017
01.10.1910,237.78875082071315
01.11.1910,237.5009418316993
01.12.1910,237.19909481531258
01.01.1911,236.8818475498276
01.02.1911,236.54790856809274
01.03.1911,236.19558987440692
01.04.1911,235.82339730095038
01.05.1911,235.4308987904239
01.06.1911,235.01757109976998
01.07.1911,234.58280231874954
01.08.1911,234.1263307683579
01.09.1911,233.6476507481192
01.10.1911,233.14658595266556
01.11.1911,232.62363207758548
01.12.1911,232.07877003618495
01.01.1912,231.51118181322022
01.02.1912,230.9197520941818
01.03.1912,230.3025728508776
01.04.1912,229.6577164463052
01.05.1912,228.98406678042446
01.06.1912,228.27992256764068
01.07.1912,227.5429825871423
01.08.1912,226.77128066634066
01.09.1912,225.9628287974524
01.10.1912,225.11592847856514
01.11.1912,224.2297546948821
01.12.1912,223.30295997148266
01.01.1913,222.33305746467724
01.02.1913,221.317718408511
01.03.1913,220.2544687640183
01.04.1913,219.14099717520205
01.05.1913,217.9762447122598
01.06.1913,216.75919073032654
01.07.1913,215.48872995424935
01.08.1913,214.1644308516292
01.09.1913,212.78602293476035
01.10.1913,211.35387790653212
01.11.1913,209.86949940522354
01.12.1913,208.33400393881692
01.01.1914,206.7475496460341
01.02.1914,205.1102548616994
01.03.1914,203.42162809528514
01.04.1914,201.6815731355738
01.05.1914,199.89170187236383
01.06.1914,198.05337410241614
01.07.1914,196.16766532684397
01.08.1914,194.23611823424466
01.09.1914,192.2597513742388
01.10.1914,190.23996107274937
01.11.1914,188.17910414841378
01.12.1914,186.07902468774606
01.01.1915,183.94094585509453
01.02.1915,181.76607989341304
01.03.1915,179.55509507945354
01.04.1915,177.30922742725616
01.05.1915,175.03134173007163
01.06.1915,172.72455848283835
01.07.1915,170.39250412020266
01.08.1915,168.0391843500458
01.09.1915,165.66783240734208
01.10.1915,163.28238565670142
01.11.1915,160.8877994524142
01.12.1915,158.48834388461972
01.01.1916,156.08762776731345
01.02.1916,153.6887508356194
01.03.1916,151.29343098241256
01.04.1916,148.90366265567891
01.05.1916,146.52282344486667
01.06.1916,144.1535491441535
01.07.1916,141.79792935074155
01.08.1916,139.45835669276389
01.09.1916,137.13666260046978
01.10.1916,134.83504379790165
01.11.1916,132.556766769761
01.12.1916,130.3042066860811
01.01.1917,128.07834604749308
01.02.1917,125.88009749516192
01.03.1917,123.70974471598642
01.04.1917,121.56807802772306
01.05.1917,119.45802049463124
01.06.1917,117.38273493718579
01.07.1917,115.34578372928435
01.08.1917,113.35155251014635
01.09.1917,111.40399076013522
01.10.1917,109.5082324735524
01.11.1917,107.67123945590595
01.12.1917,105.8990303232921
01.01.1918,104.19610020357608
01.02.1918,102.56645196647567
01.03.1918,101.01236977593203
01.04.1918,99.53683437641256
01.05.1918,98.14580689656432
01.06.1918,96.84449765685062
01.07.1918,95.63752069695208
01.08.1918,94.52977715569833
01.09.1918,93.52428827441227
01.10.1918,92.62430046368729
01.11.1918,91.83421169692676
01.12.1918,91.15685548825947
01.01.1919,90.59362616106476
01.02.1919,90.14510191034498
01.03.1919,89.80992152457884
01.04.1919,89.58732555362586
01.05.1919,89.47906585691197
01.06.1919,89.48676318771561
01.07.1919,89.61258608044783
01.08.1919,89.85848124203022
01.09.1919,90.2236622844608
01.10.1919,90.70792107858966
01.11.1919,91.31209994590219
01.12.1919,92.03587573903532
01.01.1920,92.87893639103456
01.02.1920,93.84020917861967
01.03.1920,94.9165795657049
01.04.1920,96.10565759226755
01.05.1920,97.40667274168538
01.06.1920,98.81841706383332
01.07.1920,100.34000725011016
01.08.1920,101.96987888666779
01.09.1920,103.70380564925287
01.10.1920,105.53727846323922
01.11.1920,107.46555050909399
01.12.1920,109.48283883085273
01.01.1921,111.58372383882748
01.02.1921,113.76170464622486
01.03.1921,116.00847377197752
01.04.1921,118.31692920883994
01.05.1921,120.68195455045755
01.06.1921,123.0992768090034
01.07.1921,125.56681086454405
01.08.1921,128.08246584270822
01.09.1921,130.64192407691232
01.10.1921,133.24252790416347
01.11.1921,135.88331691112066
01.12.1921,138.5624890873417
01.01.1922,141.27841450577188
01.02.1922,144.02876931653876
01.03.1922,146.8089383120979
01.04.1922,149.61602961564103
01.05.1922,152.4506833535461
01.06.1922,155.31341132470416
01.07.1922,158.20550491990412
01.08.1922,161.12761996734014
01.09.1922,164.0762707869856
01.10.1922,167.04770154949708
01.11.1922,170.0380142709616
01.12.1922,173.04141814036853
01.01.1923,176.0523255890869
01.02.1923,179.06295811258593
01.03.1923,182.0618585726988
01.04.1923,185.03948743229492
01.05.1923,187.9899794733653
01.06.1923,190.90838403662298
01.07.1923,193.79297379094655
01.08.1923,196.64092627660804
01.09.1923,199.4435196133724
01.10.1923,202.19368597702046
01.11.1923,204.88595548470076
01.12.1923,207.51379699695707
01.01.1924,210.07348209169243
01.02.1924,212.56045349948803
01.03.1924,214.96712722288817
01.04.1924,217.2887496842751
01.05.1924,219.52386755622436
01.06.1924,221.67189516925345
01.07.1924,223.7352320454728
01.08.1924,225.715235338598
01.09.1924,227.60825694804265
01.10.1924,229.41094031915884
01.11.1924,231.11943302730245
01.12.1924,232.72956830252397
01.01.1925,234.2410626832843
01.02.1925,235.6523738298768
01.03.1925,236.95950735513279
01.04.1925,238.16066894542098
01.05.1925,239.25512813229776
01.06.1925,240.24345506137055
01.07.1925,241.12990762596502
01.08.1925,241.917722710591
01.09.1925,242.6067487546719
01.10.1925,243.19809936267526
01.11.1925,243.69316749949718
01.12.1925,244.09377172405462
01.01.1926,244.4053621295664
01.02.1926,244.63335996419724
01.03.1926,244.7823403326158
01.04.1926,244.8588953782857
01.05.1926,244.87047441436795
01.06.1926,244.82575316035894
01.07.1926,244.73602169704162
01.08.1926,244.6107702406485
01.09.1926,244.4553495222538
01.10.1926,244.273990152712
01.11.1926,244.06816233290263
01.12.1926,243.8385848853024
01.01.1927,243.58881153160337
01.02.1927,243.31950151429137
01.03.1927,243.0277947343933
01.04.1927,242.7124224000925
01.05.1927,242.37298503702633
01.06.1927,242.01007389953566
01.07.1927,241.6280442119967
01.08.1927,241.22857608187883
01.09.1927,240.80682625161523
01.10.1927,240.3584610604609
01.11.1927,239.8784905874286
01.12.1927,239.36227740301624
01.01.1928,238.81125708875572
01.02.1928,238.22683840990342
01.03.1928,237.60957598127771
01.04.1928,236.96314618182808
01.05.1928,236.29173021783765
01.06.1928,235.60244825740668
01.07.1928,234.9079148158627
01.08.1928,234.21770147586315
01.09.1928,233.53486447373274
01.10.1928,232.86109473336197
01.11.1928,232.19343769738123
01.12.1928,231.5300474748803
01.01.1929,230.87773282301663
01.02.1929,230.24048797107076
01.03.1929,229.6192166312805
01.04.1929,229.0171330532908
01.05.1929,228.43473845298175
01.06.1929,227.8743579547135
01.07.1929,227.34399429994625
01.08.1929,226.84785076106598
01.09.1929,226.38446276138325
01.10.1929,225.95229272527328
01.11.1929,225.54677316141624
01.12.1929,225.16454036780348
01.01.1930,224.80955357129045
01.02.1930,224.48519385546746
01.03.1930,224.1944779453564
01.04.1930,223.94209330295243
01.05.1930,223.72956522821184
01.06.1930,223.56037785785009
01.07.1930,223.44216744408595
01.08.1930,223.37941524324188
01.09.1930,223.37304711640058
01.10.1930,223.4223203768745
01.11.1930,223.52156680121632
01.12.1930,223.66579042592144
01.01.1931,223.85518502633792
01.02.1931,224.0872670661895
01.03.1931,224.35741518133804
01.04.1931,224.66189056581325
01.05.1931,224.99438029429137
01.06.1931,225.34953976289793
01.07.1931,225.7254735655797
01.08.1931,226.1172615917125
01.09.1931,226.51582829409205
01.10.1931,226.9117862271924
01.11.1931,227.29347731348432
01.12.1931,227.65064803112028
01.01.1932,227.97922414965902
01.02.1932,228.27558345226126
01.03.1932,228.537124807132
01.04.1932,228.76348556259495
01.05.1932,228.9527841089278
01.06.1932,229.10641466060503
01.07.1932,229.23091590017845
01.08.1932,229.33047859006095
01.09.1932,229.40574357531708
01.10.1932,229.4564083039488
01.11.1932,229.47792416107242
01.12.1932,229.4680773219054
01.01.1933,229.432956517852
01.02.1933,229.3772582210063
01.03.1933,229.30485055210738
01.04.1933,229.2204950671459
01.05.1933,229.1238195085393
01.06.1933,229.01528478633398
01.07.1933,228.89838452354033
01.08.1933,228.77304014825148
01.09.1933,228.6366264614965
01.10.1933,228.48458272352835
01.11.1933,228.30744443152835
01.12.1933,228.09852130776693
01.01.1934,227.8588370755619
01.02.1934,227.59032799140408
01.03.1934,227.29823113057847
01.04.1934,226.98783868226874
01.05.1934,226.65721907692148
01.06.1934,226.30738647387096
01.07.1934,225.94337930580647
01.08.1934,225.56728804506554
01.09.1934,225.1814878033642
01.10.1934,224.7863057193235
01.11.1934,224.37587767593936
01.12.1934,223.94725736235924
01.01.1935,223.5037716222175
01.02.1935,223.04748549224215
01.03.1935,222.5814609098147
01.04.1935,222.10839896737008
01.05.1935,221.62492049676237
01.06.1935,221.12852801367464
01.07.1935,220.61867278641208
01.08.1935,220.0921417210594
01.09.1935,219.54561798889864
01.10.1935,218.9742732045794
01.11.1935,218.36933205455645
01.12.1935,217.72466272717296
01.01.1936,217.03943190544518
01.02.1936,216.3139506956816
01.03.1936,215.55205176246338
01.04.1936,214.7580736846254
01.05.1936,213.93201491953457
01.06.1936,213.0770225764495
01.07.1936,212.19996965686394
01.08.1936,211.3056513124618
01.09.1936,210.39836018844937
01.10.1936,209.48091578345995
01.11.1936,208.55134889233423
01.12.1936,207.6104006631663
01.01.1937,206.66527497617847
01.02.1937,205.7221654355994
01.03.1937,204.78776645425987
01.04.1937,203.86878896141087
01.05.1937,202.96653774650127
01.06.1937,202.08300973599177
01.07.1937,201.2221135608977
01.08.1937,200.38478630189752
01.09.1937,199.57086783222047
01.10.1937,198.77821518402988
01.11.1937,198.0001864389605
01.12.1937,197.23228661495915
01.01.1938,196.4753680918331
01.02.1938,195.73072263142336
01.03.1938,195.0023125516152
01.04.1938,194.29350061103122
01.05.1938,193.6013708927847
01.06.1938,192.92487612783145
01.07.1938,192.26538892621792
01.08.1938,191.6223958106997
01.09.1938,190.99689487638204
01.10.1938,190.3886411955733
01.11.1938,189.79334573831665
01.12.1938,189.20921095768148
01.01.1939,188.63839724080734
01.02.1939,188.08298358617066
01.03.1939,187.54696993118452
01.04.1939,187.03337635274644
01.05.1939,186.53988364232507
01.06.1939,186.06435190235905
01.07.1939,185.604671238283
01.08.1939,185.15743453249237
01.09.1939,184.72141644314638
01.10.1939,184.29383302258094
01.11.1939,183.86881283942202
01.12.1939,183.44252944534128
01.01.1940,183.01336932630312
01.02.1940,182.58073768614275
01.03.1940,182.14738158493867
01.04.1940,181.7153260256691
01.05.1940,181.28272596183803
01.06.1940,180.84939840750764
01.07.1940,180.41638245684078
01.08.1940,179.98401784369366
01.09.1940,179.55450218307377
01.10.1940,179.12924000221315
01.11.1940,178.70716916825774
01.12.1940,178.28922383941511
01.01.1941,177.8789466691254
01.02.1941,177.48006640731757
01.03.1941,177.09790923979492
01.04.1941,176.73693846547417
01.05.1941,176.39771733298642
01.06.1941,176.08070811520054
01.07.1941,175.78591673365108
01.08.1941,175.5121012037531
01.09.1941,175.25922189822708
01.10.1941,175.0254364415693
01.11.1941,174.80593422671254
01.12.1941,174.5975853713769
01.01.1942,174.3996282576728
01.02.1942,174.2121322825799
01.03.1942,174.03805786921825
01.04.1942,173.8792965865488
01.05.1942,173.73312730520837
01.06.1942,173.59807356180147
01.07.1942,173.473581587745
01.08.1942,173.3582217120087
01.09.1942,173.25273325994817
01.10.1942,173.1569492383834
01.11.1942,173.06812805132202
01.12.1942,172.98546677812337
01.01.1943,172.91031773424174
01.02.1943,172.8443612994387
01.03.1943,172.79122405454484
01.04.1943,172.75359757706474
01.05.1943,172.73042110955672
01.06.1943,172.72071218896252
01.07.1943,172.72304212062815
01.08.1943,172.73539169471726
01.09.1943,172.75796647015022
01.10.1943,172.78981335492875
01.11.1943,172.82791316029574
01.12.1943,172.8706481386095
01.01.1944,172.91732276072912
01.02.1944,172.96796562003536
01.03.1944,173.02503039145674
01.04.1944,173.09015816053696
01.05.1944,173.16225474021837
01.06.1944,173.24110107990185
01.07.1944,173.3267906223815
01.08.1944,173.41910121568304
01.09.1944,173.5195145194103
01.10.1944,173.62894555939184
01.11.1944,173.74683891475024
01.12.1944,173.873803498349
01.01.1945,174.01143829617016
01.02.1945,174.1615209816438
01.03.1945,174.32698935769082
01.04.1945,174.51019077070058
01.05.1945,174.7114343674655
01.06.1945,174.93103450745227
01.07.1945,175.16893789917242
01.08.1945,175.4246171743193
01.09.1945,175.69850141702287
01.10.1945,175.99017362869282
01.11.1945,176.29785748845342
01.12.1945,176.62054485027514
01.01.1946,176.95798295768162
01.02.1946,177.31027657172243
01.03.1946,177.67888230006074
01.04.1946,178.06467418756623
01.05.1946,178.46652829432597
01.06.1946,178.88379074322097
01.07.1946,179.31602091301423
01.08.1946,179.76252964454068
01.09.1946,180.22381854590225
01.10.1946,180.70006945087513
01.11.1946,181.19054704224376
01.12.1946,181.69535884197919
01.01.1947,182.215297511763
01.02.1947,182.75144435872238
01.03.1947,183.3058821078304
01.04.1947,183.88022370290568
01.05.1947,184.4745322712797
01.06.1947,185.08885919525474
01.07.1947,185.72287027178137
01.08.1947,186.37614027177185
01.09.1947,187.0494883604766
01.10.1947,187.74324176094882
01.11.1947,188.4569375518181
01.12.1947,189.19066403842822
01.01.1948,189.94456703236335
01.02.1948,190.7190933287143
01.03.1948,191.51571905476652
01.04.1948,192.33544059638237
01.05.1948,193.17814122579446
01.06.1948,194.04391683307736
01.07.1948,194.9327179018092
01.08.1948,195.84451936145254
01.09.1948,196.78029625885569
01.10.1948,197.74086026676412
01.11.1948,198.72665814210075
01.12.1948,199.73855072587392
01.01.1949,200.77737855468214
01.02.1949,201.84418911231913
01.03.1949,202.94064328682146
01.04.1949,204.06807321613644
01.05.1949,205.22715860669655
01.06.1949,206.41851615075205
01.07.1949,207.64237434555506
01.08.1949,208.89897139816446
01.09.1949,210.18919727524414
01.10.1949,211.51364088568434
01.11.1949,212.8725306388276
01.12.1949,214.26634815229886
01.01.1950,215.69553227300048
01.02.1950,217.1607004300457
01.03.1950,218.66301765190357
01.04.1950,220.20337326408486
01.05.1950,221.78207803300663
01.06.1950,223.39955252299634
01.07.1950,225.05612812671103
01.08.1950,226.75207299108894
01.09.1950,228.48804337695339
01.10.1950,230.26451492609928
01.11.1950,232.08164310618278
01.12.1950,233.93975624837594
01.01.1951,235.83922981743444
01.02.1951,237.78043766805473
01.03.1951,239.76395995643935
01.04.1951,241.79018783471642
01.05.1951,243.8590954901092
01.06.1951,245.97060534002532
01.07.1951,248.12448613812296
01.08.1951,250.32038868525038
01.09.1951,252.55812170259583
01.10.1951,254.83729055900557
01.11.1951,257.1572223208866
01.12.1951,259.51735283093
01.01.1952,261.9172073547253
01.02.1952,264.35636095162903
01.03.1952,266.83462996943
01.04.1952,269.3517094809864
01.05.1952,271.90693254284054
01.06.1952,274.4997247544861
01.07.1952,277.12955846726334
01.08.1952,279.7957318983574
01.09.1952,282.4975249472746
01.10.1952,285.23402012131857
01.11.1952,288.00393253357964
01.12.1952,290.80604546538876
01.01.1953,293.63934792718356
01.02.1953,296.5026863506044
01.03.1953,299.39487168309245
01.04.1953,302.31476917383037
01.05.1953,305.2611507933846
01.06.1953,308.2329292469595
01.07.1953,311.22928465704564
01.08.1953,314.2493107120627
01.09.1953,317.2919523763359
01.10.1953,320.35626163102563
01.11.1953,323.4413096104661
01.12.1953,326.54617307655826
01.01.1954,329.67006737729685
01.02.1954,332.81215919949204
01.03.1954,335.9714979085601
01.04.1954,339.147301490309
01.05.1954,342.3390090732117
01.06.1954,345.54612435191154
01.07.1954,348.76830770040095
01.08.1954,352.0050440305897
01.09.1954,355.2553063493761
01.10.1954,358.517929101417
01.11.1954,361.79151126338786
01.12.1954,365.0744632558088
01.01.1955,368.3653475947149
01.02.1955,371.6623641750019
01.03.1955,374.96322704619075
01.04.1955,378.2658929341954
01.05.1955,381.56867228783943
01.06.1955,384.87003167834206
01.07.1955,388.1689429817788
01.08.1955,391.46413982420177
01.09.1955,394.753494096398
01.10.1955,398.0350691525206
01.11.1955,401.3070489612859
01.12.1955,404.5675588981984
01.01.1956,407.815318019315
01.02.1956,411.04898523042976
01.03.1956,414.2669182044482
01.04.1956,417.46793168466195
01.05.1956,420.6512136831546
01.06.1956,423.8162215238959
01.07.1956,426.9630149667193
01.08.1956,430.0914468758171
01.09.1956,433.20061503511585
01.10.1956,436.28963099282294
01.11.1956,439.35738498639387
01.12.1956,442.40285371594945
01.01.1957,445.4258828526899
01.02.1957,448.42612729490025
01.03.1957,451.40292727155594
01.04.1957,454.3559759313153
01.05.1957,457.2849259438939
01.06.1957,460.1896727420766
01.07.1957,463.0707548170526
01.08.1957,465.9284703010753
01.09.1957,468.7626140563284
01.10.1957,471.573109519389
01.11.1957,474.35975976209613
01.12.1957,477.12258455168313
01.01.1958,479.8624423896919
01.02.1958,482.5802755475821
01.03.1958,485.27710348816316
01.04.1958,487.95426666403057
01.05.1958,490.61297972450797
01.06.1958,493.25479738368216
01.07.1958,495.881842180519
01.08.1958,498.495827959294
01.09.1958,501.0978006476461
01.10.1958,503.68850853303167
01.11.1958,506.2679646708552
01.12.1958,508.8361597996975
01.01.1959,511.39378649041885
01.02.1959,513.9409669324633
01.03.1959,516.4772373600211
01.04.1959,519.0023972757759
01.05.1959,521.5161912311515
01.06.1959,524.0185765741212
01.07.1959,526.5102531839831
01.08.1959,528.99133286025
01.09.1959,531.4607229814968
01.10.1959,533.9173596973197
01.11.1959,536.3599119845345
01.12.1959,538.7872328373012
01.01.1960,541.1995265801302
01.02.1960,543.5970635592525
01.03.1960,545.9801281837463
01.04.1960,548.3496186734685
01.05.1960,550.7063612479055
01.06.1960,553.0518858759513
01.07.1960,555.3889239653362
01.08.1960,557.7195470750221
01.09.1960,560.0445682747633
01.10.1960,562.3644751930859
01.11.1960,564.6786655920176
01.12.1960,566.9868714265389
01.01.1961,569.2907618013866
01.02.1961,571.5914282000774
01.03.1961,573.889396856338
01.04.1961,576.1855844268418
01.05.1961,578.4800614402984
01.06.1961,580.7732167874859
01.07.1961,583.0665209950624
01.08.1961,585.3605341900121
01.09.1961,587.6546820266291
01.10.1961,589.9481872325782
01.11.1961,592.2393801543266
01.12.1961,594.5269124139688
01.01.1962,596.8110757072521
01.02.1962,599.0920535866387
01.03.1962,601.3701172596568
01.04.1962,603.6457281194088
01.05.1962,605.9182553499553
01.06.1962,608.1874923976791
01.07.1962,610.4540798766266
01.08.1962,612.7179297634399
01.09.1962,614.9784399067013
01.10.1962,617.2345856243659
01.11.1962,619.4841472788306
01.12.1962,621.7251718893287
01.01.1963,623.9568402191029
01.02.1963,626.1778377815061
01.03.1963,628.3866102012098
01.04.1963,630.5815824108623
01.05.1963,632.7602010066245
01.06.1963,634.9199975947246
01.07.1963,637.0589671591273
01.08.1963,639.1744243303782
01.09.1963,641.2631486093597
01.10.1963,643.3216339484273
01.11.1963,645.3456345427286
01.12.1963,647.331383471382
01.01.1964,649.2764765961205
01.02.1964,651.1787648803272
01.03.1964,653.036738264801
01.04.1964,654.8492202562103
01.05.1964,656.6143151633294
01.06.1964,658.3309849957143
01.07.1964,659.9993361172776
01.08.1964,661.6189399140014
01.09.1964,663.1888788314046
01.10.1964,664.7079425785238
01.11.1964,666.1737818733798
01.12.1964,667.5847787756059
01.01.1965,668.9413364462062
01.02.1965,670.24362365357
01.03.1965,671.4918600578185
01.04.1965,672.6862634381919
01.05.1965,673.8253781314801
01.06.1965,674.907819265603
01.07.1965,675.9326308576993
01.08.1965,676.8979110096938
01.09.1965,677.8014247734553
01.10.1965,678.6401727842891
01.11.1965,679.4096204218964
01.12.1965,680.106072786223
01.01.1966,680.7277994747328
01.02.1966,681.273411077931
01.03.1966,681.7427219145396
01.04.1966,682.1353209170028
01.05.1966,682.4484309376435
01.06.1966,682.680083447852
01.07.1966,682.8292684151975
01.08.1966,682.8943590786674
01.09.1966,682.8744788815671
01.10.1966,682.7683294416138
01.11.1966,682.5731141881658
01.12.1966,682.2871498210435
01.01.1967,681.9104215654219
01.02.1967,681.4430179040045
01.03.1967,680.8859442654868
01.04.1967,680.2399380514563
01.05.1967,679.5037430434393
01.06.1967,678.6763251447724
01.07.1967,677.756807774443
01.08.1967,676.7439529437726
01.09.1967,675.637558493311
01.10.1967,674.4369632525732
01.11.1967,673.1404422649454
01.12.1967,671.747186894006
01.01.1968,670.2573177410485
01.02.1968,668.6714564292871
01.03.1968,666.991621163907
01.04.1968,665.2196613025842
01.05.1968,663.3560826483928
01.06.1968,661.40211551335
01.07.1968,659.3595256320493
01.08.1968,657.2300067321809
01.09.1968,655.0162102115456
01.10.1968,652.7206701364125
01.11.1968,650.3452205602013
01.12.1968,647.8925783873269
01.01.1969,645.3664456675953
01.02.1969,642.7707929160372
01.03.1969,640.1103951703924
01.04.1969,637.3895726055437
01.05.1969,634.610952954452
01.06.1969,631.7769601563442
01.07.1969,628.8894957542648
01.08.1969,625.9499662938456
01.09.1969,622.9604774948444
01.10.1969,619.922150862336
01.11.1969,616.8346771690169
01.12.1969,613.6984635379065
01.01.1970,610.5147885114733
01.02.1970,607.2852963020811
01.03.1970,604.0130121015668
01.04.1970,600.7001896816105
01.05.1970,597.3466133129805
01.06.1970,593.9524543289479
01.07.1970,590.5180076952055
01.08.1970,587.0435180046355
01.09.1970,583.5311624509005
01.10.1970,579.9830358869418
01.11.1970,576.4006207156201
01.12.1970,572.7866031619477
01.01.1971,569.1442866275704
01.02.1971,565.4778605381937
01.03.1971,561.7933380742053
01.04.1971,558.0958148394118
01.05.1971,554.3880164982216
01.06.1971,550.6723506076169
01.07.1971,546.9499543767549
01.08.1971,543.2222039865713
01.09.1971,539.4932410511184
01.10.1971,535.7662965511789
01.11.1971,532.0434521040423
01.12.1971,528.3275686543822
01.01.1972,524.6207481539218
01.02.1972,520.9256005940848
01.03.1972,517.2465164833237
01.04.1972,513.5866282236179
01.05.1972,509.94710079300313
01.06.1972,506.3290225482582
01.07.1972,502.7324740640292
01.08.1972,499.15785709276656
01.09.1972,495.60792800807377
01.10.1972,492.0852079078443
01.11.1972,488.59203253668966
01.12.1972,485.1311948554854
01.01.1973,481.70432602778504
01.02.1973,478.31360892755714
01.03.1973,474.9624925391315
01.04.1973,471.6534054501174
01.05.1973,468.38774158037216
01.06.1973,465.1663650004616
01.07.1973,461.9885812090276
01.08.1973,458.8539295984854
01.09.1973,455.7635334684529
01.10.1973,452.7177344512217
01.11.1973,449.7163115292416
01.12.1973,446.75913936698737
01.01.1974,443.84498238168146
01.02.1974,440.9727518082259
01.03.1974,438.1421564594673
01.04.1974,435.35192730546305
01.05.1974,432.59974878050906
01.06.1974,429.88300351397163
01.07.1974,427.19815578407173
01.08.1974,424.54230165813857
01.09.1974,421.9146065765358
01.10.1974,419.314589042566
01.11.1974,416.7425463770238
01.12.1974,414.1994074517803
01.01.1975,411.6852775822545
01.02.1975,409.2015421850904
01.03.1975,406.7513739615663
01.04.1975,404.3371622202277
01.05.1975,401.96037813577726
01.06.1975,399.6221139871677
01.07.1975,397.3218472979647
01.08.1975,395.06010610860886
01.09.1975,392.84051011882025
01.10.1975,390.6663139402093
01.11.1975,388.54075405534286
01.12.1975,386.4671505840889
01.01.1976,384.4464364492103
01.02.1976,382.4796815066305
01.03.1976,380.56869507167687
01.04.1976,378.71387456753376
01.05.1976,376.91501411141166
01.06.1976,375.1708231559772
01.07.1976,373.47777019924484
01.08.1976,371.8335780229291
01.09.1976,370.2389884140871
01.10.1976,368.6952567451525
01.11.1976,367.2053964422442
01.12.1976,365.77215054698297
01.01.1977,364.39478922638824
01.02.1977,363.0738169008524
01.03.1977,361.81123529166973
01.04.1977,360.607865538628
01.05.1977,359.4651400277837
01.06.1977,358.38358053934024
01.07.1977,357.3610511140819
01.08.1977,356.3968265021066
01.09.1977,355.49273465503023
01.10.1977,354.6502646465075
01.11.1977,353.87170049536024
01.12.1977,353.15894094736547
01.01.1978,352.5109282604556
01.02.1978,351.92687467439686
01.03.1978,351.40646846724195
01.04.1978,350.9483576664221
01.05.1978,350.55170557073956
01.06.1978,350.2148513929904
01.07.1978,349.9342905150007
01.08.1978,349.70774988298064
01.09.1978,349.53495366621934
01.10.1978,349.41620588440514
01.11.1978,349.3536236617635
01.12.1978,349.34928034372405
01.01.1979,349.40308874648474
01.02.1979,349.5162527884672
01.03.1979,349.69131547680576
01.04.1979,349.9300263461237
01.05.1979,350.2343769537117
01.06.1979,350.60570148698906
01.07.1979,351.0433187507215
01.08.1979,351.54776637753577
01.09.1979,352.122052565559
01.10.1979,352.76888101116805
01.11.1979,353.49141415736506
01.12.1979,354.2925411671771
01.01.1980,355.1725507468785
01.02.1980,356.1318191199767
01.03.1980,357.1710757756026
01.04.1980,358.28977785293114
01.05.1980,359.4872421394172
01.06.1980,360.7616480023378
01.07.1980,362.1090100169121
01.08.1980,363.52627254430314
01.09.1980,365.01242706634724
01.10.1980,366.56667452535686
01.11.1980,368.1895828569936
01.12.1980,369.8811318893986
01.01.1981,371.63814467512873
01.02.1981,373.4581441377212
01.03.1981,375.3394294681491
01.04.1981,377.2795152538174
01.05.1981,379.2770115540893
01.06.1981,381.3299367612431
01.07.1981,383.4345461181879
01.08.1981,385.5882698024933
01.09.1981,387.79002452213274
01.10.1981,390.03886869050825
01.11.1981,392.3350291829443
01.12.1981,394.67796757930137
01.01.1982,397.06436052840803
01.02.1982,399.49073273143443
01.03.1982,401.9530920094365
01.04.1982,404.4469344770867
01.05.1982,406.96929281308644
01.06.1982,409.51622437095244
01.07.1982,412.082186661901
01.08.1982,414.662873268263
01.09.1982,417.2550725867202
01.10.1982,419.8564150617447
01.11.1982,422.4667939224616
01.12.1982,425.08569276757055
01.01.1983,427.71044921356327
01.02.1983,430.339554896173
01.03.1983,432.972295523185
01.04.1983,435.607702098727
01.05.1983,438.2460810439249
01.06.1983,440.88736249098105
01.07.1983,443.530112285272
01.08.1983,446.17433992500355
01.09.1983,448.8219399531028
01.10.1983,451.4751347638788
01.11.1983,454.13735887347724
01.12.1983,456.8114948070719
01.01.1984,459.49775016429913
01.02.1984,462.1962462196131
01.03.1984,464.90670900170977
01.04.1984,467.6280830154589
01.05.1984,470.360329945601
01.06.1984,473.1021049664784
01.07.1984,475.8499491067779
01.08.1984,478.60186961996845
01.09.1984,481.3579124650842
01.10.1984,484.1190166675366
01.11.1984,486.88863599963616
01.12.1984,489.66954446146184
01.01.1985,492.46100428323837
01.02.1985,495.2634845648789
01.03.1985,498.07840429185273
01.04.1985,500.9062923188389
01.05.1985,503.7489457594435
01.06.1985,506.6071790127131
01.07.1985,509.47928510013475
01.08.1985,512.3649873887732
01.09.1985,515.2660432638708
01.10.1985,518.1839898993651
01.11.1985,521.1213701873936
01.12.1985,524.0801875905557
01.01.1986,527.0596130319094
01.02.1986,530.0590243520762
01.03.1986,533.0780041117969
01.04.1986,536.1151769424482
01.05.1986,539.1697743566048
01.06.1986,542.240126715832
01.07.1986,545.3227582827939
01.08.1986,548.4155160764054
01.09.1986,551.5183209359652
01.10.1986,554.6318422556918
01.11.1986,557.7588034371247
01.12.1986,560.9019444599857
01.01.1987,564.0618290893769
01.02.1987,567.2405276023711
01.03.1987,570.4416559038017
01.04.1987,573.667911972088
01.05.1987,576.9220187157357
01.06.1987,580.2059011335355
01.07.1987,583.5191471901003
01.08.1987,586.862686227649
01.09.1987,590.2404122140131
01.10.1987,593.6557675520083
01.11.1987,597.1125431042386
01.12.1987,600.614523167966
01.01.1988,604.1629586990158
01.02.1988,607.759498950225
01.03.1988,611.4067358297569
01.04.1988,615.105908262567
01.05.1988,618.8577991675744
01.06.1988,622.662322965276
01.07.1988,626.5173478712894
01.08.1988,630.421777694902
01.09.1988,634.3770269244098
01.10.1988,638.384740306467
01.11.1988,642.4478192572722
01.12.1988,646.5689664168156
01.01.1989,650.7480963525428
01.02.1989,654.9860488228692
01.03.1989,659.2848579153822
01.04.1989,663.6455694044093
01.05.1989,668.0696262271997
01.06.1989,672.5577672683302
01.07.1989,677.1086570278667
01.08.1989,681.7219904844125
01.09.1989,686.3993818267105
01.10.1989,691.1421402575697
01.11.1989,695.9521313573936
01.12.1989,700.8308989524804
01.01.1990,705.7777084335181
01.02.1990,710.791992261137
01.03.1990,715.8735114867308
01.04.1990,721.0212173652436
01.05.1990,726.2344409313582
01.06.1990,731.5118718271524
01.07.1990,736.8507914075344
01.08.1990,742.249561448246
01.09.1990,747.708316040582
01.10.1990,753.2278157772721
01.11.1990,758.8104661927298
01.12.1990,764.4588035846635
01.01.1991,770.1737465753881
01.02.1991,775.9575093907471
01.03.1991,781.8136782057304
01.04.1991,787.7453016966818
01.05.1991,793.7556799096528
01.06.1991,799.8477284619361
01.07.1991,806.0228000599219
01.08.1991,812.2835479860202
01.09.1991,818.6351715529552
01.10.1991,825.0828416511314
01.11.1991,831.6323544526849
01.12.1991,838.2893707581446
01.01.1992,845.0571458744652
01.02.1992,851.9390922321176
01.03.1992,858.938977519233
01.04.1992,866.0595427895026
01.05.1992,873.3037218300196
01.06.1992,880.6734208003168
01.07.1992,888.1685380296666
01.08.1992,895.7903018616663
01.09.1992,903.5424217766679
01.10.1992,911.4292784990134
01.11.1992,919.4572438660476
01.12.1992,927.6323474781398
01.01.1993,935.9574583835154
01.02.1993,944.4366439605525
01.03.1993,953.0752090132422
01.04.1993,961.8769686330315
01.05.1993,970.8456128738152
01.06.1993,979.9833582798493
01.07.1993,989.2891378675214
01.08.1993,998.7626786154759
01.09.1993,1008.4059144014001
01.10.1993,1018.2194916646349
01.11.1993,1028.2037068510767
01.12.1993,1038.3584560099425
01.01.1994,1048.6810267119126
01.02.1994,1059.168806204421
01.03.1994,1069.8199965214665
01.04.1994,1080.63084074674
01.05.1994,1091.5959426376794
01.06.1994,1102.7088294600785
01.07.1994,1113.9608288229065
01.08.1994,1125.344123721795
01.09.1994,1136.8539840199155
01.10.1994,1148.4859022408732
01.11.1994,1160.2365214209588
01.12.1994,1172.1028872955271
01.01.1995,1184.0797542856435
01.02.1995,1196.1635456697898
01.03.1995,1208.3530797247727
01.04.1995,1220.6449529426998
01.05.1995,1233.0333824124652
01.06.1995,1245.510901923901
01.07.1995,1258.0660449388943
01.08.1995,1270.6882525597343
01.09.1995,1283.3714466248891
01.10.1995,1296.1077054945997
01.11.1995,1308.8878852044486
01.12.1995,1321.7037723976996
01.01.1996,1334.5450991653433
01.02.1996,1347.4028791899138
01.03.1996,1360.2714329861535
01.04.1996,1373.142996954969
01.05.1996,1386.007025336698
01.06.1996,1398.853182479317
01.07.1996,1411.6696637629436
01.08.1996,1424.4452236726315
01.09.1996,1437.1721626333529
01.10.1996,1449.842302505652
01.11.1996,1462.446955486222
01.12.1996,1474.9786672281125
01.01.1997,1487.429310355161
01.02.1997,1499.7918275614043
01.03.1997,1512.0614624006218
01.04.1997,1524.2312709315192
01.05.1997,1536.2906685887758
01.06.1997,1548.227620542938
01.07.1997,1560.0268045679875
01.08.1997,1571.6723532579658
01.09.1997,1583.1511801300474
01.10.1997,1594.4474251365364
01.11.1997,1605.542225175415
01.12.1997,1616.4180463407024
01.01.1998,1627.0576673105097
01.02.1998,1637.4449161430173
01.03.1998,1647.5672132741067
01.04.1998,1657.409602713899
01.05.1998,1666.951621108439
01.06.1998,1676.173443186888
01.07.1998,1685.0547336675525
01.08.1998,1693.5760775581891
01.09.1998,1701.7242728771014
01.10.1998,1709.4867193698344
01.11.1998,1716.8509277995236
01.12.1998,1723.807908916323
01.01.1999,1730.3496140251352
01.02.1999,1736.471668968996
01.03.1999,1742.175756443069
01.04.1999,1747.4617221734209
01.05.1999,1752.324665536017
01.06.1999,1756.7595523645741
01.07.1999,1760.7581704565628
01.08.1999,1764.3148389871158
01.09.1999,1767.4334762733945
01.10.1999,1770.1169888851857
01.11.1999,1772.367225161321
01.12.1999,1774.1883674111282
01.01.2000,1775.5810863497534
01.02.2000,1776.547965857609
01.03.2000,1777.0964089464023
01.04.2000,1777.2309661930676
01.05.2000,1776.9533970720677
01.06.2000,1776.2649258356182
01.07.2000,1775.163202165856
01.08.2000,1773.6496524121737
01.09.2000,1771.7353772078297
01.10.2000,1769.4334678792936
01.11.2000,1766.7610398935947
01.12.2000,1763.7370739692876
01.01.2001,1760.3750377667825
01.02.2001,1756.6928867894394
01.03.2001,1752.7146080537582
01.04.2001,1748.4598252496182
01.05.2001,1743.9445268897211
01.06.2001,1739.1811360663319
01.07.2001,1734.1729167003482
01.08.2001,1728.9249988576619
01.09.2001,1723.4510896982524
01.10.2001,1717.7601325621195
01.11.2001,1711.8578020858224
01.12.2001,1705.7513384553845
01.01.2002,1699.4438897829516
01.02.2002,1692.940747394565
01.03.2002,1686.2536417346691
01.04.2002,1679.3884108597163
01.05.2002,1672.3421108617233
01.06.2002,1665.110976045247
01.07.2002,1657.6868088606145
01.08.2002,1650.0648598122912
01.09.2002,1642.2543052839358
01.10.2002,1634.2660513635967
01.11.2002,1626.1140805363964
01.12.2002,1617.8175471624447
01.01.2003,1609.3922527586658
01.02.2003,1600.8619250883983
01.03.2003,1592.2623038416739
01.04.2003,1583.6227272316032
01.05.2003,1574.9625645480467
01.06.2003,1566.2976574532697
01.07.2003,1557.632042644696
01.08.2003,1548.9744822045109
01.09.2003,1540.3536527200793
01.10.2003,1531.7931422397369
01.11.2003,1523.3126393858713
01.12.2003,1514.9348882044499
01.01.2004,1506.672015796833
01.02.2004,1498.5391256265643
01.03.2004,1490.5610737307206
01.04.2004,1482.7534198173753
01.05.2004,1475.1221363118634
01.06.2004,1467.6700250996762
01.07.2004,1460.389462502781
01.08.2004,1453.2770279544322
01.09.2004,1446.346209025187
01.10.2004,1439.6100577462623
01.11.2004,1433.0844893183194
01.12.2004,1426.786345796439
01.01.2005,1420.7189201595822
01.02.2005,1414.890246903518
01.03.2005,1409.3167726429067
01.04.2005,1404.0077591880727
01.05.2005,1398.9697128372272
01.06.2005,1394.2047922200506
01.07.2005,1389.7025811134056
01.08.2005,1385.4566668426348
01.09.2005,1381.4724807835069
01.10.2005,1377.7514811381195
01.11.2005,1374.2947524003914
01.12.2005,1371.1022490160346
01.01.2006,1368.1618303346086
01.02.2006,1365.4619716127268
01.03.2006,1362.99451605442
01.04.2006,1360.7448224937073
01.05.2006,1358.695766995365
01.06.2006,1356.8265068172768
01.07.2006,1355.1077207340031
01.08.2006,1353.516145701622
01.09.2006,1352.0421677841905
01.10.2006,1350.6797946473073
01.11.2006,1349.4319755482313
01.12.2006,1348.304227416292
01.01.2007,1347.292998008786
01.02.2007,1346.4041043675188
01.03.2007,1345.6547692622962
01.04.2007,1345.0572654361551
01.05.2007,1344.6213367991759
01.06.2007,1344.353740700749
01.07.2007,1344.249380094742
01.08.2007,1344.3117813157537
01.09.2007,1344.5652352402226
01.10.2007,1345.0325226981288
01.11.2007,1345.7386407645306
01.12.2007,1346.707904688269
01.01.2008,1347.9460867580974
01.02.2008,1349.4595357583971
01.03.2008,1351.2579383450345
01.04.2008,1353.341524563574
01.05.2008,1355.7090227603978
01.06.2008,1358.3505639429218
01.07.2008,1361.2396756451938
01.08.2008,1364.3595163017783
01.09.2008,1367.7137506393406
01.10.2008,1371.3104211722937
01.11.2008,1375.1719284589067
01.12.2008,1379.3177545760368
01.01.2009,1383.7413253950547
01.02.2009,1388.4450422158252
01.03.2009,1393.4412592544822
01.04.2009,1398.7340039352448
01.05.2009,1404.3330424227038
01.06.2009,1410.2411508474818
01.07.2009,1416.441545111463
01.08.2009,1422.9278474688315
01.09.2009,1429.7114837839513
01.10.2009,1436.8015198050996
01.11.2009,1444.2132736941298
01.12.2009,1451.9587113156906
01.01.2010,1460.027855360254
01.02.2010,1468.4124215386917
01.03.2010,1477.1068775819922
01.04.2010,1486.098023406181
01.05.2010,1495.3766952548906
01.06.2010,1504.927265910343
01.07.2010,1514.7203076619558
01.08.2010,1524.735442127965
01.09.2010,1534.9667580937073
01.10.2010,1545.4126837102908
01.11.2010,1556.0852748745176
01.12.2010,1566.9959934881367
01.01.2011,1578.1399878046336
01.02.2011,1589.5219537248518
01.03.2011,1601.1563692262582
01.04.2011,1613.051461962157
01.05.2011,1625.2168542263253
01.06.2011,1637.656820335174
01.07.2011,1650.3600411340792
01.08.2011,1663.3240751208066
01.09.2011,1676.5649510081266
01.10.2011,1690.0959739906477
01.11.2011,1703.9334435778926
01.12.2011,1718.0922159750533
01.01.2012,1732.5687463522304
01.02.2012,1747.360889255516
01.03.2012,1762.4704512185342
01.04.2012,1777.8900119338912
01.05.2012,1793.6104114382135
01.06.2012,1809.6151857769523
01.07.2012,1825.8729500231168
01.08.2012,1842.3589785794209
01.09.2012,1859.0637985690998
01.10.2012,1875.97930407522
01.11.2012,1893.10649935553
01.12.2012,1910.4432520467767
01.01.2013,1927.966490984263
01.02.2013,1945.6585167754029
01.03.2013,1963.508025225285
01.04.2013,1981.497531441862
01.05.2013,1999.6149508858216
01.06.2013,2017.843583378948
01.07.2013,2036.153426850175
01.08.2013,2054.5220186567417
01.09.2013,2072.9382675753063
01.10.2013,2091.390559692696
01.11.2013,2109.8733797819523
01.12.2013,2128.3771629873377
01.01.2014,2146.874605456215
01.02.2014,2165.3382473911624
01.03.2014,2183.7395562464876
01.04.2014,2202.045477383038
01.05.2014,2220.229918517759
01.06.2014,2238.261023212727
01.07.2014,2256.096447337494
01.08.2014,2273.701866135554
01.09.2014,2291.052589230884
01.10.2014,2308.129072299038
01.11.2014,2324.9254924441548
01.12.2014,2341.434894342844
01.01.2015,2357.637179926326
01.02.2015,2373.520714712232
01.03.2015,2389.0812102654613
01.04.2015,2404.311774474311
01.05.2015,2419.21115580428
01.06.2015,2433.775537349154
01.07.2015,2447.9911150890084
01.08.2015,2461.853723174573
01.09.2015,2475.3744549976363
01.10.2015,2488.565667999998
01.11.2015,2501.446385785085
01.12.2015,2514.0332651612903
01.01.2016,2526.3254303884733
01.02.2016,2538.3223396927165
01.03.2016,2550.023262796689
01.04.2016,2561.421468310367
01.05.2016,2572.514869877438
01.06.2016,2583.2934239577403
01.07.2016,2593.732999689307
01.08.2016,2603.8194683391457
01.09.2016,2613.5545358247514
01.10.2016,2622.94569889076
01.11.2016,2632.0165576632257
01.12.2016,2640.7873919147196
01.01.2017,2649.2555607668546
01.02.2017,2657.4271372275307
01.03.2017,2665.316083719786
01.04.2017,2672.929404195515
01.05.2017,2680.2801715661653
01.06.2017,2687.374362610387
01.07.2017,2694.1996838719792
01.08.2017,2700.7529543631035
01.09.2017,2707.046168466073
01.10.2017,2713.0882831827394
01.11.2017,2718.893012517694
01.12.2017,2724.471407754544
01.01.2018,2729.816179641288
01.02.2018,2734.921993446276
01.03.2018,2739.7869999907143
01.04.2018,2744.4015614701393
