time,index
1871-01-01,12.698206834145132
1871-02-01,12.682003395028984
1871-03-01,12.664147725801987
1871-04-01,12.644652213819548
1871-05-01,12.623496360472291
1871-06-01,12.600661889276932
1871-07-01,12.57612401751734
1871-08-01,12.549861510534173
1871-09-01,12.521890094881545
1871-10-01,12.492218565137993
1871-11-01,12.46084246974062
1871-12-01,12.427773009513116
1872-01-01,12.393020992308607
1872-02-01,12.356607467316714
1872-03-01,12.318580508618412
1872-04-01,12.27897883112418
1872-05-01,12.237820504036291
1872-06-01,12.195129219074023
1872-07-01,12.150924026681391
1872-08-01,12.105234279354338
1872-09-01,12.058126293820584
1872-10-01,12.009671338928191
1872-11-01,11.95994583834202
1872-12-01,11.90904024365747
1873-01-01,11.857038970720778
1873-02-01,11.804042145373106
1873-03-01,11.750175109745307
1873-04-01,11.695546264962527
1873-05-01,11.64023700892368
1873-06-01,11.584316371319085
1873-07-01,11.527821757789678
1873-08-01,11.470791118972864
1873-09-01,11.413294026267334
1873-10-01,11.355376553293823
1873-11-01,11.297061206531172
1873-12-01,11.23838212327001
1874-01-01,11.179370338842983
1874-02-01,11.120066749853768
1874-03-01,11.060544571843655
1874-04-01,11.000852316095713
1874-05-01,10.940988510707882
1874-06-01,10.880953128810818
1874-07-01,10.820734544298181
1874-08-01,10.760330875529373
1874-09-01,10.69980024517517
1874-10-01,10.639205273171333
1874-11-01,10.57861183043642
1874-12-01,10.51811297201265
1875-01-01,10.457798133857958
1875-02-01,10.397788993199912
1875-03-01,10.338260687646573
1875-04-01,10.279360574648296
1875-05-01,10.221183372588074
1875-06-01,10.163810344944961
1875-07-01,10.107275520587635
1875-08-01,10.051629365760029
1875-09-01,9.997008511681944
1875-10-01,9.943525731329908
1875-11-01,9.891271100180258
1875-12-01,9.840348952793905
1876-01-01,9.79082043221519
1876-02-01,9.74275761777352
1876-03-01,9.69627482841107
1876-04-01,9.651444108698165
1876-05-01,9.608289928664343
1876-06-01,9.566821961753977
1876-07-01,9.527003856597876
1876-08-01,9.488814719741724
1876-09-01,9.452306855379428
1876-10-01,9.417528233302791
1876-11-01,9.384535401133897
1876-12-01,9.353387393613406
1877-01-01,9.324082132231151
1877-02-01,9.296635506012366
1877-03-01,9.271098222919857
1877-04-01,9.247488274193019
1877-05-01,9.225810722408124
1877-06-01,9.206050852439807
1877-07-01,9.188138772535765
1877-08-01,9.172020473722654
1877-09-01,9.157690981102569
1877-10-01,9.145127652540674
1877-11-01,9.134306011652955
1877-12-01,9.125192620762549
1878-01-01,9.117696095939026
1878-02-01,9.111723622890542
1878-03-01,9.107190966704962
1878-04-01,9.10398396485451
1878-05-01,9.101979916489167
1878-06-01,9.10103537140138
1878-07-01,9.100965632824556
1878-08-01,9.101614166121365
1878-09-01,9.102885076913378
1878-10-01,9.104700621811746
1878-11-01,9.107028261556602
1878-12-01,9.109844514818064
1879-01-01,9.113079681878029
1879-02-01,9.116708080740834
1879-03-01,9.120755805823046
1879-04-01,9.125225103101398
1879-05-01,9.130108446684272
1879-06-01,9.135382514535882
1879-07-01,9.140965977695842
1879-08-01,9.146819214920063
1879-09-01,9.153000844046074
1879-10-01,9.159562582884288
1879-11-01,9.166568247880276
1879-12-01,9.174073831299163
1880-01-01,9.182039062117004
1880-02-01,9.190422376564205
1880-03-01,9.199191622881232
1880-04-01,9.20826639438944
1880-05-01,9.21756118833232
1880-06-01,9.22694276830362
1880-07-01,9.236191082490702
1880-08-01,9.24513340736376
1880-09-01,9.25369607901079
1880-10-01,9.261826966129018
1880-11-01,9.269547896287335
1880-12-01,9.276861162261097
1881-01-01,9.283631673245647
1881-02-01,9.289767469809648
1881-03-01,9.295222751434592
1881-04-01,9.299918185448174
1881-05-01,9.303823311348337
1881-06-01,9.3068813609444
1881-07-01,9.30895065053462
1881-08-01,9.30995140966242
1881-09-01,9.309890642463364
1881-10-01,9.308781633733858
1881-11-01,9.306691522121639
1881-12-01,9.303667082813037
1882-01-01,9.299638737410636
1882-02-01,9.29454556571587
1882-03-01,9.288327995726256
1882-04-01,9.280905104271957
1882-05-01,9.272256989386564
1882-06-01,9.262333233924696
1882-07-01,9.251019906680689
1882-08-01,9.238253596914811
1882-09-01,9.224019052236326
1882-10-01,9.208328619662646
1882-11-01,9.191275006791654
1882-12-01,9.17293686900027
1883-01-01,9.153311476375638
1883-02-01,9.132435244972353
1883-03-01,9.110371342418905
1883-04-01,9.087175462540255
1883-05-01,9.062956037051286
1883-06-01,9.03781021974316
1883-07-01,9.011789941120172
1883-08-01,8.984995039481296
1883-09-01,8.957579163604242
1883-10-01,8.92970741362438
1883-11-01,8.901587781395085
1883-12-01,8.873400677773635
1884-01-01,8.8452286890142
1884-02-01,8.817142113653514
1884-03-01,8.789182014007924
1884-04-01,8.761358757203553
1884-05-01,8.733718285590447
1884-06-01,8.706250244994505
1884-07-01,8.67886232661018
1884-08-01,8.651499640521171
1884-09-01,8.624154176513814
1884-10-01,8.596835236896588
1884-11-01,8.569625342999663
1884-12-01,8.542563044941804
1885-01-01,8.515549190041176
1885-02-01,8.48850411058649
1885-03-01,8.461353712197173
1885-04-01,8.434015886702417
1885-05-01,8.406506811266413
1885-06-01,8.378832970673407
1885-07-01,8.350960380795833
1885-08-01,8.322916483378346
1885-09-01,8.294761613362981
1885-10-01,8.266597407754855
1885-11-01,8.238617493605378
1885-12-01,8.210964063439205
1886-01-01,8.183648450674179
1886-02-01,8.156662821618353
1886-03-01,8.129931580934963
1886-04-01,8.103385695601194
1886-05-01,8.07709521040917
1886-06-01,8.051078204043634
1886-07-01,8.025286524322473
1886-08-01,7.999720992029784
1886-09-01,7.974361827518355
1886-10-01,7.949224677976194
1886-11-01,7.924433196088968
1886-12-01,7.900053037446873
1887-01-01,7.876041120051515
1887-02-01,7.852368523973086
1887-03-01,7.828975426664416
1887-04-01,7.8058140187773795
1887-05-01,7.782953859532408
1887-06-01,7.760450735072728
1887-07-01,7.73833573841867
1887-08-01,7.71668152310118
1887-09-01,7.695541629743718
1887-10-01,7.674999742977261
1887-11-01,7.655211888454945
1887-12-01,7.636283431458448
1888-01-01,7.6182359534151765
1888-02-01,7.601067232584169
1888-03-01,7.584702870929893
1888-04-01,7.569067123588117
1888-05-01,7.554167813244982
1888-06-01,7.5399594016784
1888-07-01,7.52633983671753
1888-08-01,7.513236771238476
1888-09-01,7.500567096983813
1888-10-01,7.4882710101085115
1888-11-01,7.476366149121728
1888-12-01,7.464819579781656
1889-01-01,7.453497386260575
1889-02-01,7.442275363759266
1889-03-01,7.431008988844858
1889-04-01,7.419562860718402
1889-05-01,7.407903944316791
1889-06-01,7.395994421301374
1889-07-01,7.383781414739859
1889-08-01,7.371260878576457
1889-09-01,7.358431660466144
1889-10-01,7.3453368825939
1889-11-01,7.332104950432646
1889-12-01,7.318824565849468
1890-01-01,7.30550019966205
1890-02-01,7.292125339384797
1890-03-01,7.278635398514112
1890-04-01,7.2649881005387815
1890-05-01,7.251267484477639
1890-06-01,7.2375273205485415
1890-07-01,7.2237884702648305
1890-08-01,7.210099417954802
1890-09-01,7.19645799550148
1890-10-01,7.182881894501248
1890-11-01,7.169455092011334
1890-12-01,7.1562099133608
1891-01-01,7.143116965791479
1891-02-01,7.130135328554309
1891-03-01,7.117170240551229
1891-04-01,7.104156531265216
1891-05-01,7.091140813065336
1891-06-01,7.078173861739926
1891-07-01,7.065327963570194
1891-08-01,7.052690827393578
1891-09-01,7.040278143157342
1891-10-01,7.0281429512632725
1891-11-01,7.0164001853136195
1891-12-01,7.005121209613243
1892-01-01,6.994352230631649
1892-02-01,6.984113325966981
1892-03-01,6.97434420603205
1892-04-01,6.965011079748307
1892-05-01,6.956165740835271
1892-06-01,6.947830865485613
1892-07-01,6.940019565382021
1892-08-01,6.9327507148100125
1892-09-01,6.9259823187461045
1892-10-01,6.919687091965086
1892-11-01,6.9138797491675525
1892-12-01,6.908532841381349
1893-01-01,6.903584406866861
1893-02-01,6.898959995588109
1893-03-01,6.894540129114521
1893-04-01,6.890232117791848
1893-05-01,6.8860251910467545
1893-06-01,6.881916721876721
1893-07-01,6.877931468409065
1893-08-01,6.874112760060881
1893-09-01,6.870461246668542
1893-10-01,6.867019854799588
1893-11-01,6.863892228205903
1893-12-01,6.861146512409918
1894-01-01,6.858815764888639
1894-02-01,6.856912043852378
1894-03-01,6.855379114923653
1894-04-01,6.8541904913465075
1894-05-01,6.853419073438332
1894-06-01,6.853114165096797
1894-07-01,6.853314915377443
1894-08-01,6.85407258707244
1894-09-01,6.8553783330343085
1894-10-01,6.857240173183468
1894-11-01,6.859713194509932
1894-12-01,6.862808959331794
1895-01-01,6.866502480722266
1895-02-01,6.870753849652274
1895-03-01,6.875471788321993
1895-04-01,6.880589402791134
1895-05-01,6.8861210266054
1895-06-01,6.892081822384211
1895-07-01,6.898506771275875
1895-08-01,6.905436474672312
1895-09-01,6.912847882125101
1895-10-01,6.920744227858494
1895-11-01,6.929171021788516
1895-12-01,6.938142719281281
1896-01-01,6.9476655997390315
1896-02-01,6.957727858134924
1896-03-01,6.96826027182867
1896-04-01,6.979216756294162
1896-05-01,6.990611080867015
1896-06-01,7.002441665986298
1896-07-01,7.014709420833041
1896-08-01,7.027415526708644
1896-09-01,7.040510658157102
1896-10-01,7.05395495728965
1896-11-01,7.067732038449868
1896-12-01,7.081800357271705
1897-01-01,7.096110261483828
1897-02-01,7.1106020257335665
1897-03-01,7.125183514234241
1897-04-01,7.13978226964389
1897-05-01,7.1543717958025015
1897-06-01,7.168931660255055
1897-07-01,7.183464224106571
1897-08-01,7.197978364609073
1897-09-01,7.212450788959785
1897-10-01,7.226882625954239
1897-11-01,7.241306693908193
1897-12-01,7.255739594510381
1898-01-01,7.2701919372508055
1898-02-01,7.284665062400172
1898-03-01,7.299125283610268
1898-04-01,7.3135602472088115
1898-05-01,7.328009555305294
1898-06-01,7.342506239147617
1898-07-01,7.357087624004098
1898-08-01,7.3717923821756495
1898-09-01,7.386618090748181
1898-10-01,7.4015681618406735
1898-11-01,7.416661368452256
1898-12-01,7.431894995475877
1899-01-01,7.447260140195966
1899-02-01,7.46273355465315
1899-03-01,7.478258260161373
1899-04-01,7.493797002864347
1899-05-01,7.509357472178422
1899-06-01,7.524954290678976
1899-07-01,7.54062753411928
1899-08-01,7.556414850068008
1899-09-01,7.572305665937073
1899-10-01,7.588307965922834
1899-11-01,7.604452390414919
1899-12-01,7.620751785122579
01.01.1900,7.637224817277718
01.02.1900,7.653876431278925
01.03.1900,7.670672233449711
01.04.1900,7.687596479696076
01.05.1900,7.704670131813346
01.06.1900,7.721906589728443
01.07.1900,7.739326913346202
01.08.1900,7.7569485270600405
01.09.1900,7.774750199128217
01.10.1900,7.792715651092977
01.11.1900,7.810838952233639
01.12.1900,7.8290975933665345
01.01.1901,7.847469346801939
01.02.1901,7.865921652046336
01.03.1901,7.884396806552417
01.04.1901,7.90285293396081
01.05.1901,7.921279285465537
01.06.1901,7.9396716371258025
01.07.1901,7.958047325905583
01.08.1901,7.976425551257748
01.09.1901,7.994797675300172
01.10.1901,8.013173538079494
01.11.1901,8.031584552360385
01.12.1901,8.050048346634192
01.01.1902,8.068578693107533
01.02.1902,8.087178943924034
01.03.1902,8.10582161211649
01.04.1902,8.12449467814867
01.05.1902,8.14322442724857
01.06.1902,8.162029524190103
01.07.1902,8.180930369317716
01.08.1902,8.199949124826453
01.09.1902,8.21907873329722
01.10.1902,8.238318580140604
01.11.1902,8.257683458500159
01.12.1902,8.277171309971502
01.01.1903,8.296771483099828
01.02.1903,8.31646528021217
01.03.1903,8.336211187604224
01.04.1903,8.355979226793735
01.05.1903,8.375770404225442
01.06.1903,8.395587362697832
01.07.1903,8.415444672486217
01.08.1903,8.4353571083782
01.09.1903,8.455310755728803
01.10.1903,8.47530281870123
01.11.1903,8.495346259677973
01.12.1903,8.51544165105722
01.01.1904,8.535589245658386
01.02.1904,8.555781049154309
01.03.1904,8.57598460933021
01.04.1904,8.596177728663859
01.05.1904,8.616361792188693
01.06.1904,8.636532250951365
01.07.1904,8.656686988652217
01.08.1904,8.676823079025516
01.09.1904,8.69691578215713
01.10.1904,8.716944112636186
01.11.1904,8.736895734088705
01.12.1904,8.756748031356164
01.01.1905,8.776476210227756
01.02.1905,8.796050755884378
01.03.1905,8.815428303220436
01.04.1905,8.834573983129454
01.05.1905,8.85347164592102
01.06.1905,8.872107998040166
01.07.1905,8.890480094630197
01.08.1905,8.908587327031023
01.09.1905,8.926415158955544
01.10.1905,8.94395944769047
01.11.1905,8.961229122804474
01.12.1905,8.978226256967002
01.01.1906,8.994950714858001
01.02.1906,9.011398183847197
01.03.1906,9.027549261193835
01.04.1906,9.043393663613093
01.05.1906,9.05894304472464
01.06.1906,9.074206233182828
01.07.1906,9.089193986217346
01.08.1906,9.103917435450848
01.09.1906,9.118369973423228
01.10.1906,9.132547385996135
01.11.1906,9.14645180991868
01.12.1906,9.160076108648122
01.01.1907,9.173410507379502
01.02.1907,9.186438926867272
01.03.1907,9.199130706851037
01.04.1907,9.2114635607403
01.05.1907,9.223434311728031
01.06.1907,9.235042677487108
01.07.1907,9.246299248949663
01.08.1907,9.25721342695689
01.09.1907,9.267773784061731
01.10.1907,9.277976746445583
01.11.1907,9.287828316777873
01.12.1907,9.297328858853975
01.01.1908,9.306484840039868
01.02.1908,9.315299163702292
01.03.1908,9.323761197136102
01.04.1908,9.331870301174716
01.05.1908,9.339641469251882
01.06.1908,9.347090280551617
01.07.1908,9.35423995952686
01.08.1908,9.361112276508612
01.09.1908,9.367712385652062
01.10.1908,9.374048186165327
01.11.1908,9.380130444518509
01.12.1908,9.385966727012315
01.01.1909,9.391572635020015
01.02.1909,9.396960573267418
01.03.1909,9.402134242696107
01.04.1909,9.407105266622962
01.05.1909,9.411894099481481
01.06.1909,9.416525345557083
01.07.1909,9.4210349587432
01.08.1909,9.425458234745223
01.09.1909,9.42981986609257
01.10.1909,9.434150935723471
01.11.1909,9.438487743009192
01.12.1909,9.442866105268145
01.01.1910,9.447329473903556
01.02.1910,9.451920724971203
01.03.1910,9.456677194814501
01.04.1910,9.461643723393873
01.05.1910,9.466873931343596
01.06.1910,9.472423774321983
01.07.1910,9.478355824333924
01.08.1910,9.484730323113844
01.09.1910,9.491595584171312
01.10.1910,9.498999681506762
01.11.1910,9.506988506480297
01.12.1910,9.515604945833552
01.01.1911,9.524897543818188
01.02.1911,9.53490883390835
01.03.1911,9.545671802065877
01.04.1911,9.557225597200796
01.05.1911,9.569616984280678
01.06.1911,9.582896172347416
01.07.1911,9.597124079554387
01.08.1911,9.612357356974648
01.09.1911,9.628636147916106
01.10.1911,9.646004527416833
01.11.1911,9.664508813748899
01.12.1911,9.68419569592037
01.01.1912,9.705126013770844
01.02.1912,9.727360885892454
01.03.1912,9.750957716920942
01.04.1912,9.775983399894882
01.05.1912,9.802510672365361
01.06.1912,9.83061921005509
01.07.1912,9.860402204422849
01.08.1912,9.891947821503916
01.09.1912,9.925328928980596
01.10.1912,9.96061757894872
01.11.1912,9.997878735953762
01.12.1912,10.037179959210787
01.01.1913,10.078608612622348
01.02.1913,10.122247110160906
01.03.1913,10.168171099515266
01.04.1913,10.216455135928834
01.05.1913,10.26715671793288
01.06.1913,10.320329006559513
01.07.1913,10.376025779984099
01.08.1913,10.43428598994522
01.09.1913,10.495136423011866
01.10.1913,10.558590315687765
01.11.1913,10.624639265608385
01.12.1913,10.693277437029641
01.01.1914,10.764515814015917
01.02.1914,10.83836244090873
01.03.1914,10.91483065713777
01.04.1914,10.993923577155165
01.05.1914,11.075608691891523
01.06.1914,11.159853611612759
01.07.1914,11.246627826004014
01.08.1914,11.335890843651574
01.09.1914,11.427612671978313
01.10.1914,11.521755875348111
01.11.1914,11.618265976690065
01.12.1914,11.717096403596875
01.01.1915,11.81820737836895
01.02.1915,11.921560564614571
01.03.1915,12.027129651160257
01.04.1915,12.13487024749973
01.05.1915,12.244697738407588
01.06.1915,12.356515389727607
01.07.1915,12.470204879271474
01.08.1915,12.585639319434959
01.09.1915,12.70271390756591
01.10.1915,12.821302546804956
01.11.1915,12.941252754726461
01.12.1915,13.062429566172368
01.01.1916,13.184712304892061
01.02.1916,13.30799581234919
01.03.1916,13.432214837581526
01.04.1916,13.557295018837715
01.05.1916,13.683123662719977
01.06.1916,13.809608813776817
01.07.1916,13.936672645830066
01.08.1916,14.06422909909572
01.09.1916,14.192208111829192
01.10.1916,14.320528749038724
01.11.1916,14.449079705568442
01.12.1916,14.577775581930592
01.01.1917,14.70657152302464
01.02.1917,14.835425281844778
01.03.1917,14.964313320386292
01.04.1917,15.093193906747489
01.05.1917,15.221957045549978
01.06.1917,15.350481859878165
01.07.1917,15.478630124015472
01.08.1917,15.606236687017812
01.09.1917,15.733150139873368
01.10.1917,15.859178320771429
01.11.1917,15.984068737327538
01.12.1917,16.107598176471658
01.01.1918,16.22959061320024
01.02.1918,16.349885586168302
01.03.1918,16.468378546224546
01.04.1918,16.5849397482622
01.05.1918,16.699339478341404
01.06.1918,16.811370980601723
01.07.1918,16.92084468161187
01.08.1918,17.027563291191306
01.09.1918,17.131396088628115
01.10.1918,17.23220655401984
01.11.1918,17.329823511301605
01.12.1918,17.42412883169168
01.01.1919,17.515049611205246
01.02.1919,17.6025440384968
01.03.1919,17.686639420922333
01.04.1919,17.767340962923004
01.05.1919,17.84456829927986
01.06.1919,17.9182440062294
01.07.1919,17.988267476555677
01.08.1919,18.054549072925443
01.09.1919,18.117099581112587
01.10.1919,18.175909796737297
01.11.1919,18.230936138708614
01.12.1919,18.282173942215984
01.01.1920,18.329610518604227
01.02.1920,18.373259056495723
01.03.1920,18.413202856152186
01.04.1920,18.449496986263295
01.05.1920,18.482141497016457
01.06.1920,18.511147636917553
01.07.1920,18.536508889069044
01.08.1920,18.55824620459286
01.09.1920,18.57647950698309
01.10.1920,18.591340660468944
01.11.1920,18.60297633211024
01.12.1920,18.611567324564543
01.01.1921,18.617271373905844
01.02.1921,18.620287202895188
01.03.1921,18.62087941638734
01.04.1921,18.619265267792706
01.05.1921,18.615591726309248
01.06.1921,18.609970636970367
01.07.1921,18.602426124799806
01.08.1921,18.592984225145706
01.09.1921,18.581754819000146
01.10.1921,18.568784735492386
01.11.1921,18.554059410273823
01.12.1921,18.537591864628972
01.01.1922,18.51938062853178
01.02.1922,18.499448275203477
01.03.1922,18.477899710664886
01.04.1922,18.454772491141696
01.05.1922,18.42997393299104
01.06.1922,18.403411859527406
01.07.1922,18.374959302552558
01.08.1922,18.34451402026054
01.09.1922,18.312129215953433
01.10.1922,18.277868151858005
01.11.1922,18.241802644003236
01.12.1922,18.204072255616843
01.01.1923,18.164801812489344
01.02.1923,18.12419865851755
01.03.1923,18.08260744353419
01.04.1923,18.040297646571613
01.05.1923,17.997400927891658
01.06.1923,17.954010878895712
01.07.1923,17.91009401703053
01.08.1923,17.86565831051544
01.09.1923,17.82093457481776
01.10.1923,17.776089045587977
01.11.1923,17.731227384426116
01.12.1923,17.686501674418608
01.01.1924,17.641968702428088
01.02.1924,17.597725659145485
01.03.1924,17.55399731995403
01.04.1924,17.510907609593787
01.05.1924,17.468454777002016
01.06.1924,17.426618354574913
01.07.1924,17.38528035044398
01.08.1924,17.344362260459985
01.09.1924,17.303974575447704
01.10.1924,17.26421824460871
01.11.1924,17.2252062402127
01.12.1924,17.187078400163493
01.01.1925,17.149858157970357
01.02.1925,17.113621169323437
01.03.1925,17.07854395280842
01.04.1925,17.04472207763105
01.05.1925,17.01218959809202
01.06.1925,16.98093452178643
01.07.1925,16.95081056181699
01.08.1925,16.921702554637413
01.09.1925,16.893629006012
01.10.1925,16.866551278840177
01.11.1925,16.840400650875804
01.12.1925,16.815114171392086
01.01.1926,16.79052894310312
01.02.1926,16.76649872206318
01.03.1926,16.74294192252775
01.04.1926,16.719701583801157
01.05.1926,16.696552057334532
01.06.1926,16.673243630227585
01.07.1926,16.64945049635247
01.08.1926,16.624898262781194
01.09.1926,16.599468542830497
01.10.1926,16.573068285426288
01.11.1926,16.545665988943096
01.12.1926,16.51727383823736
01.01.1927,16.487834936933687
01.02.1927,16.45738635259341
01.03.1927,16.426095039883712
01.04.1927,16.39407001367659
01.05.1927,16.361359374494537
01.06.1927,16.327982619927738
01.07.1927,16.293838966664563
01.08.1927,16.25890495972893
01.09.1927,16.223379148276116
01.10.1927,16.187433322568403
01.11.1927,16.151240020332345
01.12.1927,16.114980418418945
01.01.1928,16.078668528997387
01.02.1928,16.04233299651868
01.03.1928,16.006061452898976
01.04.1928,15.969843515529655
01.05.1928,15.933626630750105
01.06.1928,15.897287055779591
01.07.1928,15.86054745450935
01.08.1928,15.823218901214956
01.09.1928,15.785324964844209
01.10.1928,15.746924708763464
01.11.1928,15.708197506499891
01.12.1928,15.669308398106445
01.01.1929,15.630187927353205
01.02.1929,15.590853925644465
01.03.1929,15.551431293364894
01.04.1929,15.511963076386857
01.05.1929,15.472529310888332
01.06.1929,15.43314770609773
01.07.1929,15.3936522609372
01.08.1929,15.353972995710437
01.09.1929,15.314218705264278
01.10.1929,15.274471943772577
01.11.1929,15.234865236729647
01.12.1929,15.195509142627397
01.01.1930,15.156317084587164
01.02.1930,15.117224232156474
01.03.1930,15.078205907720514
01.04.1930,15.039164471977305
01.05.1930,15.000028431999972
01.06.1930,14.960673315796246
01.07.1930,14.920850806376585
01.08.1930,14.880397160949071
01.09.1930,14.839293351123041
01.10.1930,14.797560062429273
01.11.1930,14.755339169417976
01.12.1930,14.71277567886454
01.01.1931,14.669871766314872
01.02.1931,14.626721648084713
01.03.1931,14.583518763209048
01.04.1931,14.540400257210655
01.05.1931,14.497511334976464
01.06.1931,14.45495270056439
01.07.1931,14.412684808290726
01.08.1931,14.370752570802411
01.09.1931,14.329380031724458
01.10.1931,14.28876808077845
01.11.1931,14.249145108487363
01.12.1931,14.210730285299967
01.01.1932,14.173573924665133
01.02.1932,14.137741230469997
01.03.1932,14.103337762201328
01.04.1932,14.070384154418539
01.05.1932,14.038884765614837
01.06.1932,14.008777272385714
01.07.1932,13.979860757664872
01.08.1932,13.951999846008079
01.09.1932,13.925207891753777
01.10.1932,13.899514063155666
01.11.1932,13.875036448938772
01.12.1932,13.851865719675361
01.01.1933,13.829894781213662
01.02.1933,13.809069989610611
01.03.1933,13.789401152921856
01.04.1933,13.770845100689824
01.05.1933,13.753419280619243
01.06.1933,13.737103666074006
01.07.1933,13.721759501848135
01.08.1933,13.707325997212497
01.09.1933,13.693853008028503
01.10.1933,13.681394612536764
01.11.1933,13.6700733634253
01.12.1933,13.659974227250926
01.01.1934,13.651012607263175
01.02.1934,13.643104248018478
01.03.1934,13.636151832314706
01.04.1934,13.63002286528462
01.05.1934,13.62466794111076
01.06.1934,13.619984619968104
01.07.1934,13.615773551648825
01.08.1934,13.611902527430166
01.09.1934,13.608301521459001
01.10.1934,13.604938070378914
01.11.1934,13.601895344341287
01.12.1934,13.599229386216964
01.01.1935,13.596870587369228
01.02.1935,13.594803534439079
01.03.1935,13.593048008354362
01.04.1935,13.591605720770085
01.05.1935,13.590547897998977
01.06.1935,13.589921491740233
01.07.1935,13.589697303063652
01.08.1935,13.589914118556948
01.09.1935,13.590692921276984
01.10.1935,13.592165879560506
01.11.1935,13.594523779639417
01.12.1935,13.597926267395144
01.01.1936,13.602402279323014
01.02.1936,13.607975484437905
01.03.1936,13.614647969000067
01.04.1936,13.622383270396451
01.05.1936,13.631192882360859
01.06.1936,13.641025860808034
01.07.1936,13.651731521581866
01.08.1936,13.663219190823362
01.09.1936,13.675477781973347
01.10.1936,13.688528863995803
01.11.1936,13.702499267472787
01.12.1936,13.717478527721168
01.01.1937,13.733397173995561
01.02.1937,13.750230768365205
01.03.1937,13.767986672974692
01.04.1937,13.786640889593262
01.05.1937,13.80624270233321
01.06.1937,13.82680682618202
01.07.1937,13.848254179213177
01.08.1937,13.870571929120846
01.09.1937,13.893823202948017
01.10.1937,13.918078164422854
01.11.1937,13.943470054301663
01.12.1937,13.970100661238101
01.01.1938,13.997942716646653
01.02.1938,14.026972519156802
01.03.1938,14.057154868584783
01.04.1938,14.088429292900885
01.05.1938,14.120801658431699
01.06.1938,14.154237019586846
01.07.1938,14.188626661862934
01.08.1938,14.223913088561508
01.09.1938,14.260084461690495
01.10.1938,14.297156555311746
01.11.1938,14.335232023016031
01.12.1938,14.374391776254702
01.01.1939,14.41462087927186
01.02.1939,14.45594379633811
01.03.1939,14.498409514566182
01.04.1939,14.54204870538444
01.05.1939,14.586937354956357
01.06.1939,14.63312746030049
01.07.1939,14.680606525323038
01.08.1939,14.729407308230533
01.09.1939,14.779620813048325
01.10.1939,14.83133768625117
01.11.1939,14.88468289568543
01.12.1939,14.939763148930062
01.01.1940,14.996599313319106
01.02.1940,15.055213806308736
01.03.1940,15.115625520597597
01.04.1940,15.177823448065393
01.05.1940,15.241816577759057
01.06.1940,15.307577377356637
01.07.1940,15.375014776160368
01.08.1940,15.444068885045523
01.09.1940,15.51472702796317
01.10.1940,15.586987479113372
01.11.1940,15.660899424118366
01.12.1940,15.73648976302069
01.01.1941,15.81369281638038
01.02.1941,15.892463759320204
01.03.1941,15.972773856430802
01.04.1941,16.054575057469204
01.05.1941,16.137859333668672
01.06.1941,16.22260029626567
01.07.1941,16.308721389030598
01.08.1941,16.396180662077974
01.09.1941,16.484973548092437
01.10.1941,16.575100620625175
01.11.1941,16.666598616226388
01.12.1941,16.75948189581748
01.01.1942,16.85368809793547
01.02.1942,16.949151614296714
01.03.1942,17.045791542872678
01.04.1942,17.143513860364486
01.05.1942,17.242268791731888
01.06.1942,17.34197976761081
01.07.1942,17.442526706160525
01.08.1942,17.543819226748067
01.09.1942,17.64578802851833
01.10.1942,17.748381843932755
01.11.1942,17.851604388735197
01.12.1942,17.955443590176
01.01.1943,18.059829285047083
01.02.1943,18.164714462260182
01.03.1943,18.270063913171857
01.04.1943,18.375834892362263
01.05.1943,18.482018772889894
01.06.1943,18.58859468846919
01.07.1943,18.69550731190422
01.08.1943,18.802731619455148
01.09.1943,18.91027654301831
01.10.1943,19.018156382114846
01.11.1943,19.12641292914363
01.12.1943,19.23507120250944
01.01.1944,19.34409466212221
01.02.1944,19.45344225877396
01.03.1944,19.563059249247242
01.04.1944,19.67287272663922
01.05.1944,19.7828328108939
01.06.1944,19.892858649607174
01.07.1944,20.002821915489857
01.08.1944,20.112621271557348
01.09.1944,20.222190042506977
01.10.1944,20.331476305488334
01.11.1944,20.440477312080436
01.12.1944,20.54917093583337
01.01.1945,20.657459037520034
01.02.1945,20.765263329165407
01.03.1945,20.872518464938437
01.04.1945,20.979147753170654
01.05.1945,21.085116015428714
01.06.1945,21.190375415845605
01.07.1945,21.294839947740247
01.08.1945,21.398457877694824
01.09.1945,21.501211463601386
01.10.1945,21.603093256010307
01.11.1945,21.704133659533998
01.12.1945,21.804347251342882
01.01.1946,21.903686758304534
01.02.1946,22.002106733550853
01.03.1946,22.099551734196364
01.04.1946,22.19596147623657
01.05.1946,22.29132228016162
01.06.1946,22.385602619647326
01.07.1946,22.47873943552548
01.08.1946,22.570695481979282
01.09.1946,22.66144527402051
01.10.1946,22.7509785811482
01.11.1946,22.83933013858912
01.12.1946,22.926520710541627
01.01.1947,23.01252751426863
01.02.1947,23.09734288566773
01.03.1947,23.180962174208947
01.04.1947,23.26338212890045
01.05.1947,23.34463876518317
01.06.1947,23.424763713180045
01.07.1947,23.50377244559696
01.08.1947,23.581703200198643
01.09.1947,23.658606468647537
01.10.1947,23.73454311349186
01.11.1947,23.809601438736355
01.12.1947,23.88385313420282
01.01.1948,23.957327256490682
01.02.1948,24.030045672121204
01.03.1948,24.10200861626076
01.04.1948,24.17320859588064
01.05.1948,24.24366565672296
01.06.1948,24.313374450969064
01.07.1948,24.38229651786386
01.08.1948,24.45041032120094
01.09.1948,24.517705552244387
01.10.1948,24.584181892045887
01.11.1948,24.649875193854868
01.12.1948,24.714799342447506
01.01.1949,24.778910286369342
01.02.1949,24.842171394165522
01.03.1949,24.90454343806704
01.04.1949,24.965988245013715
01.05.1949,25.026517705246476
01.06.1949,25.08614147296704
01.07.1949,25.144857051901447
01.08.1949,25.202689523796764
01.09.1949,25.25967278338712
01.10.1949,25.315862885821563
01.11.1949,25.37136044632822
01.12.1949,25.426242861177755
01.01.1950,25.480533276792194
01.02.1950,25.534246286686514
01.03.1950,25.587363340246302
01.04.1950,25.639873092994456
01.05.1950,25.69183140506732
01.06.1950,25.743272354537496
01.07.1950,25.79420418833338
01.08.1950,25.84465398209345
01.09.1950,25.894629795652495
01.10.1950,25.94415322293386
01.11.1950,25.993289806372808
01.12.1950,26.04207576446814
01.01.1951,26.090502052474417
01.02.1951,26.138559145412056
01.03.1951,26.186214501726745
01.04.1951,26.233444155602488
01.05.1951,26.28028056147569
01.06.1951,26.326751274673576
01.07.1951,26.372880051612547
01.08.1951,26.4187031514413
01.09.1951,26.46423194344228
01.10.1951,26.50949210643366
01.11.1951,26.55454071150527
01.12.1951,26.59941147297659
01.01.1952,26.644112836033976
01.02.1952,26.68864160078576
01.03.1952,26.732958591664477
01.04.1952,26.777030512946105
01.05.1952,26.820862991502953
01.06.1952,26.864443187654313
01.07.1952,26.9077443008533
01.08.1952,26.95074476846419
01.09.1952,26.993401089486625
01.10.1952,27.035675861125586
01.11.1952,27.07755476554516
01.12.1952,27.119001580332892
01.01.1953,27.159953259054006
01.02.1953,27.200342952882906
01.03.1953,27.24008546159019
01.04.1953,27.279108336575238
01.05.1953,27.317385878992898
01.06.1953,27.3548982171146
01.07.1953,27.391638067916812
01.08.1953,27.427614042906065
01.09.1953,27.46282043131698
01.10.1953,27.497278210669922
01.11.1953,27.531047741667187
01.12.1953,27.5641726035279
01.01.1954,27.596673758031038
01.02.1954,27.62856520092439
01.03.1954,27.659828130466746
01.04.1954,27.6904644538187
01.05.1954,27.720541188975744
01.06.1954,27.750116805715088
01.07.1954,27.779247117897352
01.08.1954,27.807993019712004
01.09.1954,27.836371379444156
01.10.1954,27.864404535542118
01.11.1954,27.89213512932227
01.12.1954,27.919578068605528
01.01.1955,27.94673294505681
01.02.1955,27.97358145533169
01.03.1955,28.000063871245235
01.04.1955,28.026145014984113
01.05.1955,28.05185167679523
01.06.1955,28.077220290879392
01.07.1955,28.102319074516185
01.08.1955,28.127214547671908
01.09.1955,28.15191023045606
01.10.1955,28.176434697755372
01.11.1955,28.20084850612013
01.12.1955,28.22518771163062
01.01.1956,28.249493573833355
01.02.1956,28.273788873280974
01.03.1956,28.298042953932192
01.04.1956,28.32225020828094
01.05.1956,28.34645666502265
01.06.1956,28.37069759490865
01.07.1956,28.395017543406237
01.08.1956,28.41945649988143
01.09.1956,28.44400131901616
01.10.1956,28.46864547409528
01.11.1956,28.493397191779124
01.12.1956,28.51824127495876
01.01.1957,28.54316169902083
01.02.1957,28.56812801601475
01.03.1957,28.593074684364808
01.04.1957,28.617959124811307
01.05.1957,28.642784692394553
01.06.1957,28.66756500096475
01.07.1957,28.692345218502034
01.08.1957,28.71717428545406
01.09.1957,28.74206197640072
01.10.1957,28.767045910208342
01.11.1957,28.792196410702893
01.12.1957,28.817564071702233
01.01.1958,28.843193288028626
01.02.1958,28.869113797179047
01.03.1958,28.89531065617143
01.04.1958,28.921792366068164
01.05.1958,28.948625496225517
01.06.1958,28.975865988903
01.07.1958,29.0035726605597
01.08.1958,29.031805724368443
01.09.1958,29.060578993992323
01.10.1958,29.089914029100065
01.11.1958,29.119852669540318
01.12.1958,29.150410173179264
01.01.1959,29.18158946355388
01.02.1959,29.213378172365942
01.03.1959,29.245726055920784
01.04.1959,29.27860105301503
01.05.1959,29.31201898626478
01.06.1959,29.34599865459234
01.07.1959,29.380579621020647
01.08.1959,29.415798777655855
01.09.1959,29.451642482213625
01.10.1959,29.488113835544926
01.11.1959,29.52523886745203
01.12.1959,29.563025044756206
01.01.1960,29.601485571398513
01.02.1960,29.640621210222616
01.03.1960,29.68039502587771
01.04.1960,29.72078875558493
01.05.1960,29.76182007884467
01.06.1960,29.80350106481831
01.07.1960,29.84585355939893
01.08.1960,29.888894140859183
01.09.1960,29.93259819241008
01.10.1960,29.976944497982064
01.11.1960,30.021918627764194
01.12.1960,30.067491699631695
01.01.1961,30.113641913598375
01.02.1961,30.16033644095976
01.03.1961,30.2075173684925
01.04.1961,30.25514340832155
01.05.1961,30.303200045731142
01.06.1961,30.35168057768881
01.07.1961,30.400602876479223
01.08.1961,30.44998447780174
01.09.1961,30.499814347361507
01.10.1961,30.550099139047024
01.11.1961,30.600863835719867
01.12.1961,30.652124387641624
01.01.1962,30.703902414660188
01.02.1962,30.756212611512588
01.03.1962,30.809045177681266
01.04.1962,30.862408398516525
01.05.1962,30.916344373884595
01.06.1962,30.97089396244473
01.07.1962,31.026107285481544
01.08.1962,31.082031300263424
01.09.1962,31.13867825154033
01.10.1962,31.19606228231282
01.11.1962,31.254201651637764
01.12.1962,31.313100172559633
01.01.1963,31.37276494156452
01.02.1963,31.43318863106531
01.03.1963,31.494336072845545
01.04.1963,31.55618909583959
01.05.1963,31.61876077143644
01.06.1963,31.682072018182716
01.07.1963,31.746169399280262
01.08.1963,31.81109390364367
01.09.1963,31.876844169437625
01.10.1963,31.943433608553566
01.11.1963,32.01089061782888
01.12.1963,32.07923004842804
01.01.1964,32.148476313065586
01.02.1964,32.21864147155883
01.03.1964,32.289704936324874
01.04.1964,32.3616621349493
01.05.1964,32.43453590114717
01.06.1964,32.50834384637619
01.07.1964,32.583112242705845
01.08.1964,32.65886199381519
01.09.1964,32.73557985268046
01.10.1964,32.813255341404556
01.11.1964,32.891883094634245
01.12.1964,32.971444185620726
01.01.1965,33.051922633104496
01.02.1965,33.133291968449306
01.03.1965,33.215503426552345
01.04.1965,33.29852209791702
01.05.1965,33.38233798359357
01.06.1965,33.46694745253691
01.07.1965,33.55236739579548
01.08.1965,33.638614778995226
01.09.1965,33.72568087610264
01.10.1965,33.81357290987024
01.11.1965,33.90231562452208
01.12.1965,33.99192148267643
01.01.1966,34.08240047066367
01.02.1966,34.173752436120544
01.03.1966,34.26594919850881
01.04.1966,34.358976128306594
01.05.1966,34.452851530823324
01.06.1966,34.547586719354115
01.07.1966,34.64319473000612
01.08.1966,34.73969334793279
01.09.1966,34.83708069807818
01.10.1966,34.93536485883697
01.11.1966,35.034573381205604
01.12.1966,35.13472251259934
01.01.1967,35.23582093660368
01.02.1967,35.3378771197581
01.03.1967,35.44088724345889
01.04.1967,35.54485786613826
01.05.1967,35.64982265279743
01.06.1967,35.755817815722416
01.07.1967,35.8628872643212
01.08.1967,35.971082266992
01.09.1967,36.0804434135855
01.10.1967,36.19102343865125
01.11.1967,36.30289284195654
01.12.1967,36.416112660542616
01.01.1968,36.53073416996254
01.02.1968,36.646803146648516
01.03.1968,36.76434664608789
01.04.1968,36.88339753379611
01.05.1968,37.004012120474016
01.06.1968,37.12623752659678
01.07.1968,37.25011429264973
01.08.1968,37.37569253804896
01.09.1968,37.503020697794796
01.10.1968,37.632157871517585
01.11.1968,37.76318595149757
01.12.1968,37.896178456315404
01.01.1969,38.03119053626576
01.02.1969,38.16828364630617
01.03.1969,38.30751775253432
01.04.1969,38.44895349568336
01.05.1969,38.59266907083644
01.06.1969,38.738738334087486
01.07.1969,38.887225838906765
01.08.1969,39.038206031253885
01.09.1969,39.1917587816458
01.10.1969,39.347967377593925
01.11.1969,39.50692667664093
01.12.1969,39.6687267189337
01.01.1970,39.833442843359755
01.02.1970,40.00115110408841
01.03.1970,40.17192402537097
01.04.1970,40.345832556634385
01.05.1970,40.522958228396696
01.06.1970,40.703377117468605
01.07.1970,40.88715666736884
01.08.1970,41.07437518047974
01.09.1970,41.26512269341139
01.10.1970,41.45949808841855
01.11.1970,41.657618817943046
01.12.1970,41.859602931176624
01.01.1971,42.06555595641684
01.02.1971,42.275595746258396
01.03.1971,42.48985092218971
01.04.1971,42.70844690179219
01.05.1971,42.93151324661978
01.06.1971,43.159175810246886
01.07.1971,43.39154691081508
01.08.1971,43.62875069048327
01.09.1971,43.870933085295185
01.10.1971,44.11823979252402
01.11.1971,44.37082215901053
01.12.1971,44.62882067073924
01.01.1972,44.89233826550799
01.02.1972,45.16146814268071
01.03.1972,45.43629079979989
01.04.1972,45.71686746037714
01.05.1972,46.00325945056252
01.06.1972,46.29550053368062
01.07.1972,46.59358583834335
01.08.1972,46.89751930066918
01.09.1972,47.207324404263474
01.10.1972,47.523024955624024
01.11.1972,47.84466581921458
01.12.1972,48.172268798947144
01.01.1973,48.505790295611604
01.02.1973,48.845188171721006
01.03.1973,49.190418323953345
01.04.1973,49.54142454739242
01.05.1973,49.8981822118233
01.06.1973,50.260655060504654
01.07.1973,50.628780678686
01.08.1973,51.00251474873212
01.09.1973,51.381821142442796
01.10.1973,51.76667222732811
01.11.1973,52.15707006390661
01.12.1973,52.55298437944855
01.01.1974,52.95431546591011
01.02.1974,53.36094407249497
01.03.1974,53.77271043636847
01.04.1974,54.18944550395004
01.05.1974,54.61102953249053
01.06.1974,55.03730717094068
01.07.1974,55.468080150136075
01.08.1974,55.90318070934743
01.09.1974,56.34245717605956
01.10.1974,56.78578491142013
01.11.1974,57.23310890812583
01.12.1974,57.684354981749244
01.01.1975,58.13938433579746
01.02.1975,58.59808948083148
01.03.1975,59.060379135809185
01.04.1975,59.52615311680285
01.05.1975,59.99534820650971
01.06.1975,60.46788516083321
01.07.1975,60.943640635454415
01.08.1975,61.42253320908466
01.09.1975,61.90453666720837
01.10.1975,62.38963304607362
01.11.1975,62.87783997783841
01.12.1975,63.369144758709986
01.01.1976,63.86343064300021
01.02.1976,64.36056394454623
01.03.1976,64.86037934221932
01.04.1976,65.36267483439677
01.05.1976,65.86727844850674
01.06.1976,66.3739561216798
01.07.1976,66.88238400048992
01.08.1976,67.39228414256465
01.09.1976,67.90344515239089
01.10.1976,68.41568170656485
01.11.1976,68.92889745123601
01.12.1976,69.44295642897849
01.01.1977,69.9575722576407
01.02.1977,70.47249363069011
01.03.1977,70.98749283180514
01.04.1977,71.50232528099455
01.05.1977,72.01683803194948
01.06.1977,72.53086101161502
01.07.1977,73.04416104805324
01.08.1977,73.55657834395213
01.09.1977,74.06801909853698
01.10.1977,74.57842384765497
01.11.1977,75.08782351535467
01.12.1977,75.59621460356497
01.01.1978,76.1034653824794
01.02.1978,76.60944620398064
01.03.1978,77.11399660224535
01.04.1978,77.6169595762802
01.05.1978,78.11830266602091
01.06.1978,78.61795864057487
01.07.1978,79.11580144373252
01.08.1978,79.61176018492337
01.09.1978,80.1057678013114
01.10.1978,80.59779232926142
01.11.1978,81.08790132232487
01.12.1978,81.57612504341016
01.01.1979,82.0624060919992
01.02.1979,82.54671019272168
01.03.1979,83.02899112092956
01.04.1979,83.50922457827089
01.05.1979,83.98750215252922
01.06.1979,84.46391915695614
01.07.1979,84.93856496327432
01.08.1979,85.41157779269538
01.09.1979,85.88308970839503
01.10.1979,86.3532742748208
01.11.1979,86.82238330322733
01.12.1979,87.29061145452532
01.01.1980,87.75804983545699
01.02.1980,88.22475113613703
01.03.1980,88.69067289427697
01.04.1980,89.15576274381017
01.05.1980,89.62006057571334
01.06.1980,90.08352574713287
01.07.1980,90.54602978707226
01.08.1980,91.00748203694978
01.09.1980,91.46779160080436
01.10.1980,91.9268949383896
01.11.1980,92.38483062603035
01.12.1980,92.8415570239467
01.01.1981,93.29686157012915
01.02.1981,93.75053761379739
01.03.1981,94.20234584569259
01.04.1981,94.65206467271628
01.05.1981,95.09964846900617
01.06.1981,95.5450543581821
01.07.1981,95.98822965496768
01.08.1981,96.42920344594111
01.09.1981,96.86800062348247
01.10.1981,97.30473340560698
01.11.1981,97.73966982577191
01.12.1981,98.17298888197647
01.01.1982,98.60469531678278
01.02.1982,99.0347505348154
01.03.1982,99.46297431737902
01.04.1982,99.88922389130579
01.05.1982,100.31360576562358
01.06.1982,100.73614691260013
01.07.1982,101.15679318587395
01.08.1982,101.57555913894866
01.09.1982,101.99238344175654
01.10.1982,102.40726490774193
01.11.1982,102.82037298564708
01.12.1982,103.23177405142043
01.01.1983,103.64137929644312
01.02.1983,104.04910708206432
01.03.1983,104.45479830032023
01.04.1983,104.8583323244297
01.05.1983,105.25979912546778
01.06.1983,105.65927626988716
01.07.1983,106.05683244546861
01.08.1983,106.45259471593367
01.09.1983,106.84661918722651
01.10.1983,107.23902436705913
01.11.1983,107.63005486000853
01.12.1983,108.01986839191584
01.01.1984,108.40851093488625
01.02.1984,108.79598397941751
01.03.1984,109.18215184126258
01.04.1984,109.56689647558628
01.05.1984,109.95025517033643
01.06.1984,110.33218451396336
01.07.1984,110.71257009016499
01.08.1984,111.09134033164442
01.09.1984,111.46837758225892
01.10.1984,111.8436061744333
01.11.1984,112.21707526402248
01.12.1984,112.58875070395325
01.01.1985,112.95845747011273
01.02.1985,113.32603019491903
01.03.1985,113.69125707742242
01.04.1985,114.05395542268604
01.05.1985,114.4141174399621
01.06.1985,114.77173617450572
01.07.1985,115.1268026147637
01.08.1985,115.47938310597901
01.09.1985,115.82953057876693
01.10.1985,116.17737911839995
01.11.1985,116.52320543490235
01.12.1985,116.86722398680133
01.01.1986,117.20953169826468
01.02.1986,117.55020759844062
01.03.1986,117.88923056753792
01.04.1986,118.22662809847917
01.05.1986,118.56264106929389
01.06.1986,118.8974675474162
01.07.1986,119.2312662251278
01.08.1986,119.56424017749596
01.09.1986,119.89650122706105
01.10.1986,120.22819797067612
01.11.1986,120.55958733078423
01.12.1986,120.89084528503791
01.01.1987,121.2220613987036
01.02.1987,121.5533060655403
01.03.1987,121.88455924571137
01.04.1987,122.21585892757251
01.05.1987,122.54743214896752
01.06.1987,122.87952052455819
01.07.1987,123.21241509472988
01.08.1987,123.54643318107189
01.09.1987,123.88176911833638
01.10.1987,124.21868606811083
01.11.1987,124.55755346968736
01.12.1987,124.89865427101044
01.01.1988,125.24220838468189
01.02.1988,125.58837321721853
01.03.1988,125.93714275532336
01.04.1988,126.28854435634524
01.05.1988,126.64275323519134
01.06.1988,126.99986685257899
01.07.1988,127.35993593520197
01.08.1988,127.72302186705114
01.09.1988,128.08908442319233
01.10.1988,128.45810661948113
01.11.1988,128.8301580104592
01.12.1988,129.2052068335721
01.01.1989,129.58310095902377
01.02.1989,129.96365897170458
01.03.1989,130.34660771496206
01.04.1989,130.73171500598593
01.05.1989,131.11893105930523
01.06.1989,131.5082134675747
01.07.1989,131.89955501005514
01.08.1989,132.29299610020442
01.09.1989,132.68849538318798
01.10.1989,133.0861020086452
01.11.1989,133.48600792491678
01.12.1989,133.88830138299116
01.01.1990,134.29293533441503
01.02.1990,134.69979658658883
01.03.1990,135.10859154971948
01.04.1990,135.51907502611326
01.05.1990,135.93124327053124
01.06.1990,136.3450078270847
01.07.1990,136.7602168451928
01.08.1990,137.1767759800229
01.09.1990,137.59449631048903
01.10.1990,138.01325529830967
01.11.1990,138.4331015142473
01.12.1990,138.85398222779503
01.01.1991,139.27570565203035
01.02.1991,139.69809174470197
01.03.1991,140.12088658898574
01.04.1991,140.54387307979653
01.05.1991,140.96702805599423
01.06.1991,141.3903127173889
01.07.1991,141.8136747780191
01.08.1991,142.23712508075081
01.09.1991,142.66062789224344
01.10.1991,143.0842085340736
01.11.1991,143.50801510337632
01.12.1991,143.9321007705637
01.01.1992,144.35637293584196
01.02.1992,144.78068318129897
01.03.1992,145.2047357226976
01.04.1992,145.62823140757374
01.05.1992,146.05102015283597
01.06.1992,146.472843587162
01.07.1992,146.8933329769472
01.08.1992,147.31218079378635
01.09.1992,147.72907480368386
01.10.1992,148.14375606837098
01.11.1992,148.55612646117595
01.12.1992,148.9659908992173
01.01.1993,149.372943604126
01.02.1993,149.77660742406306
01.03.1993,150.17657775246693
01.04.1993,150.57246734784758
01.05.1993,150.96409835333787
01.06.1993,151.35128511277844
01.07.1993,151.7338055974956
01.08.1993,152.11154942239028
01.09.1993,152.48443525020267
01.10.1993,152.8524768202779
01.11.1993,153.2158703996459
01.12.1993,153.57473843665812
01.01.1994,153.92902459302897
01.02.1994,154.27865989396528
01.03.1994,154.62346998567406
01.04.1994,154.96332910744317
01.05.1994,155.29837967369676
01.06.1994,155.628708390802
01.07.1994,155.95433530291803
01.08.1994,156.27535869278833
01.09.1994,156.5918047897873
01.10.1994,156.903760185398
01.11.1994,157.21147541405045
01.12.1994,157.51511277342118
01.01.1995,157.81470960872647
01.02.1995,158.11030853270105
01.03.1995,158.40187338250215
01.04.1995,158.68943910029108
01.05.1995,158.97328558714952
01.06.1995,159.2537150254843
01.07.1995,159.53107569003276
01.08.1995,159.80577902197118
01.09.1995,160.07813663065352
01.10.1995,160.34855530984714
01.11.1995,160.61759364354845
01.12.1995,160.88570014233127
01.01.1996,161.15319631670187
01.02.1996,161.4203258820529
01.03.1996,161.68712767593536
01.04.1996,161.95366526290326
01.05.1996,162.22020089112578
01.06.1996,162.4868736679943
01.07.1996,162.75371936100237
01.08.1996,163.02082042093372
01.09.1996,163.28818657804194
01.10.1996,163.55587684406396
01.11.1996,163.82411233223334
01.12.1996,164.09297381779555
01.01.1997,164.36230938202416
01.02.1997,164.63195709823214
01.03.1997,164.90166351544775
01.04.1997,165.17123316478308
01.05.1997,165.44077671592515
01.06.1997,165.71042446093378
01.07.1997,165.9803385907868
01.08.1997,166.25080041371288
01.09.1997,166.52203354640375
01.10.1997,166.79442147155714
01.11.1997,167.06860805479752
01.12.1997,167.3450893761557
01.01.1998,167.62411511111648
01.02.1998,167.90585672245604
01.03.1998,168.1902312819294
01.04.1998,168.47724075781025
01.05.1998,168.76731045082366
01.06.1998,169.0607430164349
01.07.1998,169.35773470160848
01.08.1998,169.65856495128853
01.09.1998,169.9633215738011
01.10.1998,170.2721699870384
01.11.1998,170.58551528524154
01.12.1998,170.90357111680268
01.01.1999,171.22632154991098
01.02.1999,171.55371354208555
01.03.1999,171.88550614165027
01.04.1999,172.22153509123407
01.05.1999,172.5619909170443
01.06.1999,172.9070465194517
01.07.1999,173.2569010451767
01.08.1999,173.61180309956055
01.09.1999,173.97178034123445
01.10.1999,174.3369598889245
01.11.1999,174.70765851888058
01.12.1999,175.0840396185954
01.01.2000,175.46615048928982
01.02.2000,175.8539500327842
01.03.2000,176.2471416772879
01.04.2000,176.6454871843729
01.05.2000,177.0490003987609
01.06.2000,177.45758553760768
01.07.2000,177.8710884156294
01.08.2000,178.2893678822635
01.09.2000,178.71209816263627
01.10.2000,179.1389873870519
01.11.2000,179.56987013892603
01.12.2000,180.0044387035058
01.01.2001,180.44225120009705
01.02.2001,180.88282343052745
01.03.2001,181.32553065245884
01.04.2001,181.76983494601126
01.05.2001,182.21547852034325
01.06.2001,182.6622396689099
01.07.2001,183.1099937317216
01.08.2001,183.55869300071652
01.09.2001,184.00816547819076
01.10.2001,184.45839964408566
01.11.2001,184.90961203507982
01.12.2001,185.36191001769174
01.01.2002,185.8152823041239
01.02.2002,186.26966297481556
01.03.2002,186.72476893921043
01.04.2002,187.18044504199412
01.05.2002,187.63692166879886
01.06.2002,188.09437358612615
01.07.2002,188.55296621365835
01.08.2002,189.01288160601825
01.09.2002,189.4740149012963
01.10.2002,189.93628735664174
01.11.2002,190.39972945098026
01.12.2002,190.86419704452487
01.01.2003,191.3294592045522
01.02.2003,191.79516489082903
01.03.2003,192.26069939121984
01.04.2003,192.72559182586352
01.05.2003,193.18973357227642
01.06.2003,193.65306778233148
01.07.2003,194.11572866526447
01.08.2003,194.57782725653055
01.09.2003,195.03907929259415
01.10.2003,195.49934363660583
01.11.2003,195.9586603000459
01.12.2003,196.41693795232862
01.01.2004,196.87415796808867
01.02.2004,197.3302086542881
01.03.2004,197.78468592417144
01.04.2004,198.23735402366145
01.05.2004,198.68827717958888
01.06.2004,199.13749285998125
01.07.2004,199.5851409927778
01.08.2004,200.0313247320012
01.09.2004,200.4758151890658
01.10.2004,200.91842156127728
01.11.2004,201.35901206771936
01.12.2004,201.7973514606394
01.01.2005,202.23328754779544
01.02.2005,202.66658529913886
01.03.2005,203.09681225626306
01.04.2005,203.5236786533717
01.05.2005,203.94710636554325
01.06.2005,204.36708549829333
01.07.2005,204.783812744413
01.08.2005,205.197478532346
01.09.2005,205.60804120106945
01.10.2005,206.01559779692147
01.11.2005,206.4203824439056
01.12.2005,206.82256414771018
01.01.2006,207.22237555030853
01.02.2006,207.61999554153306
01.03.2006,208.01541343397216
01.04.2006,208.40875867382982
01.05.2006,208.80040674675914
01.06.2006,209.19072397577742
01.07.2006,209.5801524157426
01.08.2006,209.96909351322574
01.09.2006,210.35766454540106
01.10.2006,210.74598159609621
01.11.2006,211.13416576991085
01.12.2006,211.52221601954903
01.01.2007,211.91015566706884
01.02.2007,212.29787296940552
01.03.2007,212.68501849480032
01.04.2007,213.07135299128845
01.05.2007,213.4568434278631
01.06.2007,213.84149332815343
01.07.2007,214.22548315804482
01.08.2007,214.60891176287294
01.09.2007,214.99151116346764
01.10.2007,215.3730894799622
01.11.2007,215.75352421954335
01.12.2007,216.13263360962029
01.01.2008,216.51042344859036
01.02.2008,216.88685435380964
01.03.2008,217.26172497554106
01.04.2008,217.63499004274433
01.05.2008,218.00675344188534
01.06.2008,218.37718070884245
01.07.2008,218.74662627301356
01.08.2008,219.1153415063796
01.09.2008,219.48324446303926
01.10.2008,219.85022822272458
01.11.2008,220.21608259881998
01.12.2008,220.5805756712065
01.01.2009,220.94374386240764
01.02.2009,221.3055053614786
01.03.2009,221.66560033861487
01.04.2009,222.02389580783893
01.05.2009,222.3802830823161
01.06.2009,222.73473423646112
01.07.2009,223.08747160361742
01.08.2009,223.43861126727668
01.09.2009,223.78800653635386
01.10.2009,224.1355750632721
01.11.2009,224.4812186985439
01.12.2009,224.82484120636755
01.01.2010,225.1665739048234
01.02.2010,225.50650816640368
01.03.2010,225.8446367546825
01.04.2010,226.18106753326165
01.05.2010,226.51594598841163
01.06.2010,226.84946985427575
01.07.2010,227.1819892833599
01.08.2010,227.51375585516277
01.09.2010,227.84479494645745
01.10.2010,228.17509367270748
01.11.2010,228.50451755451658
01.12.2010,228.83289966845922
01.01.2011,229.16023317416776
01.02.2011,229.48638462907334
01.03.2011,229.81105972735455
01.04.2011,230.13405400859943
01.05.2011,230.45520836339884
01.06.2011,230.77442233331007
01.07.2011,231.0917897694748
01.08.2011,231.4073011710206
01.09.2011,231.72067586865043
01.10.2011,232.03168158734687
01.11.2011,232.3400801485721
01.12.2011,232.64562605289169
01.01.2012,232.9482868892598
01.02.2012,233.24800072190465
01.03.2012,233.544617375399
01.04.2012,233.83811243296816
01.05.2012,234.12852307452778
01.06.2012,234.41596351054815
01.07.2012,234.7007291660316
01.08.2012,234.9830326504959
01.09.2012,235.26286340350907
01.10.2012,235.54019796560857
01.11.2012,235.81491509214223
01.12.2012,236.08691357247488
01.01.2013,236.35634256660063
01.02.2013,236.62327704847286
01.03.2013,236.88769027872968
01.04.2013,237.14963609653077
01.05.2013,237.40911872381326
01.06.2013,237.6661937695134
01.07.2013,237.9210829316484
01.08.2013,238.1739112289186
01.09.2013,238.4246411540224
01.10.2013,238.6732436480213
01.11.2013,238.91961973694922
01.12.2013,239.16370876712296
01.01.2014,239.40566495334832
01.02.2014,239.64563607210047
01.03.2014,239.883765422947
01.04.2014,240.120252998871
01.05.2014,240.35522029135095
01.06.2014,240.5888520526573
01.07.2014,240.8214591494643
01.08.2014,241.0532638378846
01.09.2014,241.28438075518906
01.10.2014,241.5148761942344
01.11.2014,241.7446721001181
01.12.2014,241.9737097369487
01.01.2015,242.2020866024286
01.02.2015,242.42981735263402
01.03.2015,242.65684675446974
01.04.2015,242.88315070758094
01.05.2015,243.10863720034325
01.06.2015,243.33324532272127
01.07.2015,243.5570236022286
01.08.2015,243.7799251791538
01.09.2015,244.0017613587621
01.10.2015,244.22233403986328
01.11.2015,244.4413760832971
01.12.2015,244.6586507281709
01.01.2016,244.87410061386996
01.02.2016,245.08766798871807
01.03.2016,245.29930362605688
01.04.2016,245.50901883926298
01.05.2016,245.71677613585703
01.06.2016,245.92261941256672
01.07.2016,246.1267331024906
01.08.2016,246.329212244469
01.09.2016,246.5300148983966
01.10.2016,246.72905140520663
01.11.2016,246.92608507838696
01.12.2016,247.12092005281335
01.01.2017,247.31358331857217
01.02.2017,247.50402902675364
01.03.2017,247.69214918862832
01.04.2017,247.87788894788832
01.05.2017,248.06110852334547
01.06.2017,248.24172152462847
01.07.2017,248.41978903588105
01.08.2017,248.59527853677628
01.09.2017,248.76803042671142
01.10.2017,248.93788779126498
01.11.2017,249.10461898834996
01.12.2017,249.26802734869375
01.01.2018,249.4280962825386
01.02.2018,249.5847969011914
01.03.2018,249.73809526982765
01.04.2018,249.88800544333165
